
insert into SYS_KEYGEN (TABLE_NAME,SEQ_VAL,SEQ_LEN,MODIFING) values ('SYS_RES_URL',40,20,'0');
insert into SYS_KEYGEN (TABLE_NAME,SEQ_VAL,SEQ_LEN,MODIFING) values ('SYS_LOG_AUDIT',5720,20,'0');

insert into SYS_ARC_GRANT (PRINCIPAL_CODE,PRINCIPAL_TYPE,RES_CODE,RES_TYPE,CHANNEL_CODE,RUN_FLAG,ASS_FLAG,CREATE_USER,CREATE_TIME,LAST_UPD_USER,LAST_UPD_TIME,EXT1,EXT2,EXT3) values ('staff','ROLE','sys_sysroot','MENU',null,'1','0','admin','2013-03-15 10:10:10','admin','2013-03-15 10:10:10',null,null,null);
insert into SYS_ARC_GRANT (PRINCIPAL_CODE,PRINCIPAL_TYPE,RES_CODE,RES_TYPE,CHANNEL_CODE,RUN_FLAG,ASS_FLAG,CREATE_USER,CREATE_TIME,LAST_UPD_USER,LAST_UPD_TIME,EXT1,EXT2,EXT3) values ('depart_leader','ROLE','sys_sysroot','MENU',null,'1','0','admin','2013-03-15 10:10:10','admin','2013-03-15 10:10:10',null,null,null);
insert into SYS_ARC_GRANT (PRINCIPAL_CODE,PRINCIPAL_TYPE,RES_CODE,RES_TYPE,CHANNEL_CODE,RUN_FLAG,ASS_FLAG,CREATE_USER,CREATE_TIME,LAST_UPD_USER,LAST_UPD_TIME,EXT1,EXT2,EXT3) values ('master','ROLE','sys_sysroot','MENU',null,'1','0','admin','2013-03-15 10:10:10','admin','2013-03-15 10:10:10',null,null,null);
insert into SYS_ARC_GRANT (PRINCIPAL_CODE,PRINCIPAL_TYPE,RES_CODE,RES_TYPE,CHANNEL_CODE,RUN_FLAG,ASS_FLAG,CREATE_USER,CREATE_TIME,LAST_UPD_USER,LAST_UPD_TIME,EXT1,EXT2,EXT3) values ('staff','ROLE','14','URL',null,'1','0','admin','2013-03-15 10:10:10','admin','2013-03-15 10:10:10',null,null,null);
insert into SYS_ARC_GRANT (PRINCIPAL_CODE,PRINCIPAL_TYPE,RES_CODE,RES_TYPE,CHANNEL_CODE,RUN_FLAG,ASS_FLAG,CREATE_USER,CREATE_TIME,LAST_UPD_USER,LAST_UPD_TIME,EXT1,EXT2,EXT3) values ('depart_leader','ROLE','14','URL',null,'1','0','admin','2013-03-15 10:10:10','admin','2013-03-15 10:10:10',null,null,null);
insert into SYS_ARC_GRANT (PRINCIPAL_CODE,PRINCIPAL_TYPE,RES_CODE,RES_TYPE,CHANNEL_CODE,RUN_FLAG,ASS_FLAG,CREATE_USER,CREATE_TIME,LAST_UPD_USER,LAST_UPD_TIME,EXT1,EXT2,EXT3) values ('depart_leader','ROLE','1','URL',null,'1','0','admin','2013-03-15 10:10:10','admin','2013-03-15 10:10:10',null,null,null);
insert into SYS_ARC_GRANT (PRINCIPAL_CODE,PRINCIPAL_TYPE,RES_CODE,RES_TYPE,CHANNEL_CODE,RUN_FLAG,ASS_FLAG,CREATE_USER,CREATE_TIME,LAST_UPD_USER,LAST_UPD_TIME,EXT1,EXT2,EXT3) values ('master','ROLE','1','URL',null,'1','0','admin','2013-03-15 10:10:10','admin','2013-03-15 10:10:10',null,null,null);
insert into SYS_ARC_GRANT (PRINCIPAL_CODE,PRINCIPAL_TYPE,RES_CODE,RES_TYPE,CHANNEL_CODE,RUN_FLAG,ASS_FLAG,CREATE_USER,CREATE_TIME,LAST_UPD_USER,LAST_UPD_TIME,EXT1,EXT2,EXT3) values ('master','ROLE','14','URL',null,'1','0','admin','2013-03-15 10:10:10','admin','2013-03-15 10:10:10',null,null,null);
insert into SYS_ARC_GRANT (PRINCIPAL_CODE,PRINCIPAL_TYPE,RES_CODE,RES_TYPE,CHANNEL_CODE,RUN_FLAG,ASS_FLAG,CREATE_USER,CREATE_TIME,LAST_UPD_USER,LAST_UPD_TIME,EXT1,EXT2,EXT3) values ('staff','ROLE','1','URL',null,'1','0','admin','2013-03-15 10:10:10','admin','2013-03-15 10:10:10',null,null,null);
insert into SYS_ARC_GRANT (PRINCIPAL_CODE,PRINCIPAL_TYPE,RES_CODE,RES_TYPE,CHANNEL_CODE,RUN_FLAG,ASS_FLAG,CREATE_USER,CREATE_TIME,LAST_UPD_USER,LAST_UPD_TIME,EXT1,EXT2,EXT3) values ('staff','ROLE','2','URL',null,'1','0','admin','2013-03-15 10:10:10','admin','2013-03-15 10:10:10',null,null,null);
insert into SYS_ARC_GRANT (PRINCIPAL_CODE,PRINCIPAL_TYPE,RES_CODE,RES_TYPE,CHANNEL_CODE,RUN_FLAG,ASS_FLAG,CREATE_USER,CREATE_TIME,LAST_UPD_USER,LAST_UPD_TIME,EXT1,EXT2,EXT3) values ('staff','ROLE','21','URL',null,'1','0','admin','2013-03-15 10:10:10','admin','2013-03-15 10:10:10',null,null,null);
insert into SYS_ARC_GRANT (PRINCIPAL_CODE,PRINCIPAL_TYPE,RES_CODE,RES_TYPE,CHANNEL_CODE,RUN_FLAG,ASS_FLAG,CREATE_USER,CREATE_TIME,LAST_UPD_USER,LAST_UPD_TIME,EXT1,EXT2,EXT3) values ('staff','ROLE','27','URL',null,'1','0','admin','2013-03-15 10:10:10','admin','2013-03-15 10:10:10',null,null,null);
insert into SYS_ARC_GRANT (PRINCIPAL_CODE,PRINCIPAL_TYPE,RES_CODE,RES_TYPE,CHANNEL_CODE,RUN_FLAG,ASS_FLAG,CREATE_USER,CREATE_TIME,LAST_UPD_USER,LAST_UPD_TIME,EXT1,EXT2,EXT3) values ('staff','ROLE','28','URL',null,'1','0','admin','2013-03-15 10:10:10','admin','2013-03-15 10:10:10',null,null,null);
insert into SYS_ARC_GRANT (PRINCIPAL_CODE,PRINCIPAL_TYPE,RES_CODE,RES_TYPE,CHANNEL_CODE,RUN_FLAG,ASS_FLAG,CREATE_USER,CREATE_TIME,LAST_UPD_USER,LAST_UPD_TIME,EXT1,EXT2,EXT3) values ('staff','ROLE','22','URL',null,'1','0','admin','2013-03-15 10:10:10','admin','2013-03-15 10:10:10',null,null,null);
insert into SYS_ARC_GRANT (PRINCIPAL_CODE,PRINCIPAL_TYPE,RES_CODE,RES_TYPE,CHANNEL_CODE,RUN_FLAG,ASS_FLAG,CREATE_USER,CREATE_TIME,LAST_UPD_USER,LAST_UPD_TIME,EXT1,EXT2,EXT3) values ('staff','ROLE','23','URL',null,'1','0','admin','2013-03-15 10:10:10','admin','2013-03-15 10:10:10',null,null,null);
insert into SYS_ARC_GRANT (PRINCIPAL_CODE,PRINCIPAL_TYPE,RES_CODE,RES_TYPE,CHANNEL_CODE,RUN_FLAG,ASS_FLAG,CREATE_USER,CREATE_TIME,LAST_UPD_USER,LAST_UPD_TIME,EXT1,EXT2,EXT3) values ('staff','ROLE','24','URL',null,'1','0','admin','2013-03-15 10:10:10','admin','2013-03-15 10:10:10',null,null,null);
insert into SYS_ARC_GRANT (PRINCIPAL_CODE,PRINCIPAL_TYPE,RES_CODE,RES_TYPE,CHANNEL_CODE,RUN_FLAG,ASS_FLAG,CREATE_USER,CREATE_TIME,LAST_UPD_USER,LAST_UPD_TIME,EXT1,EXT2,EXT3) values ('staff','ROLE','25','URL',null,'1','0','admin','2013-03-15 10:10:10','admin','2013-03-15 10:10:10',null,null,null);
insert into SYS_ARC_GRANT (PRINCIPAL_CODE,PRINCIPAL_TYPE,RES_CODE,RES_TYPE,CHANNEL_CODE,RUN_FLAG,ASS_FLAG,CREATE_USER,CREATE_TIME,LAST_UPD_USER,LAST_UPD_TIME,EXT1,EXT2,EXT3) values ('staff','ROLE','26','URL',null,'1','0','admin','2013-03-15 10:10:10','admin','2013-03-15 10:10:10',null,null,null);

insert into SYS_ROLE_ASSIGN (ROLE_ID,STAFF_ID,DEF_FLAG,REMARK,CREATE_USER,CREATE_TIME,LAST_UPD_USER,LAST_UPD_TIME) values ('bb','test','0',null,'admin','2013-03-15 10:10:10','admin','2013-03-15 10:10:10');
insert into SYS_ROLE_ASSIGN (ROLE_ID,STAFF_ID,DEF_FLAG,REMARK,CREATE_USER,CREATE_TIME,LAST_UPD_USER,LAST_UPD_TIME) values ('qq','test','0',null,'admin','2013-03-15 10:10:10','admin','2013-03-15 10:10:10');
insert into SYS_ROLE_ASSIGN (ROLE_ID,STAFF_ID,DEF_FLAG,REMARK,CREATE_USER,CREATE_TIME,LAST_UPD_USER,LAST_UPD_TIME) values ('staff','000001','0',null,'admin','2013-03-15 10:10:10','admin','2013-03-15 10:10:10');
insert into SYS_ROLE_ASSIGN (ROLE_ID,STAFF_ID,DEF_FLAG,REMARK,CREATE_USER,CREATE_TIME,LAST_UPD_USER,LAST_UPD_TIME) values ('depart_leader','000003','0',null,'admin','2013-03-15 10:10:10','admin','2013-03-15 10:10:10');
insert into SYS_ROLE_ASSIGN (ROLE_ID,STAFF_ID,DEF_FLAG,REMARK,CREATE_USER,CREATE_TIME,LAST_UPD_USER,LAST_UPD_TIME) values ('master','000002','0',null,'admin','2013-03-15 10:10:10','admin','2013-03-15 10:10:10');
insert into SYS_ROLE_ASSIGN (ROLE_ID,STAFF_ID,DEF_FLAG,REMARK,CREATE_USER,CREATE_TIME,LAST_UPD_USER,LAST_UPD_TIME) values ('staff','100001','0',null,'admin','2013-03-15 10:10:10','admin','2013-03-15 10:10:10');
insert into SYS_ROLE_ASSIGN (ROLE_ID,STAFF_ID,DEF_FLAG,REMARK,CREATE_USER,CREATE_TIME,LAST_UPD_USER,LAST_UPD_TIME) values ('depart_leader','100002','0',null,'admin','2013-03-15 10:10:10','admin','2013-03-15 10:10:10');
insert into SYS_ROLE_ASSIGN (ROLE_ID,STAFF_ID,DEF_FLAG,REMARK,CREATE_USER,CREATE_TIME,LAST_UPD_USER,LAST_UPD_TIME) values ('master','100002','0',null,'admin','2013-03-15 10:10:10','admin','2013-03-15 10:10:10');
insert into SYS_ROLE_ASSIGN (ROLE_ID,STAFF_ID,DEF_FLAG,REMARK,CREATE_USER,CREATE_TIME,LAST_UPD_USER,LAST_UPD_TIME) values ('master','100003','0',null,'admin','2013-03-15 10:10:10','admin','2013-03-15 10:10:10');
insert into SYS_ROLE_ASSIGN (ROLE_ID,STAFF_ID,DEF_FLAG,REMARK,CREATE_USER,CREATE_TIME,LAST_UPD_USER,LAST_UPD_TIME) values ('depart_leader','100003','0',null,'admin','2013-03-15 10:10:10','admin','2013-03-15 10:10:10');

insert into SYS_PARAMS (PARA_ID,PARA_RANK,PARA_VALUE,REMARK) values ('RESET_PASSWORD','SYS','111111',null);
insert into SYS_PARAMS (PARA_ID,PARA_RANK,PARA_VALUE,REMARK) values ('ROLE_MIXED','SYS','1','角色混合标志');
insert into SYS_PARAMS (PARA_ID,PARA_RANK,PARA_VALUE,REMARK) values ('HOMEPAGE_LAYOUT','SYS','ZW2|ZW3|ZW4','缺省首页布局信息');
insert into SYS_PARAMS (PARA_ID,PARA_RANK,PARA_VALUE,REMARK) values ('execlCount','SYS','2000','EXCEL导出最大记录数');

insert into SYS_BIZ_TYPE (BIZ_TYPE_ID,BIZ_TYPE_NAME,REMARK,CREATE_USER,CREATE_TIME,LAST_UPD_USER,LAST_UPD_TIME) values ('ENT_PSN','对公对私业务线',null,'admin',null,'admin',null);

insert into SYS_LOGON_INFO (LOGON_ID,STAFF_ID,PASSWORD,VALID_FLAG,LOCK_FLAG,FAIL_LOGON_COUNT,MAX_FAIL_COUNT,PWD_EXPIRE_DAYS,PWD_EXPIRE_TIME,ACC_EXPIRE_TIME,LAST_LOGON_IP,LAST_LOGON_TIME) values ('test','test','111111','1','0',0,null,null,'2020-03-15 10:10:10','2020-03-15 10:10:10','127.0.0.1','2013-03-15 10:10:10');
insert into SYS_LOGON_INFO (LOGON_ID,STAFF_ID,PASSWORD,VALID_FLAG,LOCK_FLAG,FAIL_LOGON_COUNT,MAX_FAIL_COUNT,PWD_EXPIRE_DAYS,PWD_EXPIRE_TIME,ACC_EXPIRE_TIME,LAST_LOGON_IP,LAST_LOGON_TIME) values ('staff','000001','111111','1','0',0,null,null,'2020-03-15 10:10:10','2020-03-15 10:10:10','127.0.0.1','2013-03-15 10:10:10');
insert into SYS_LOGON_INFO (LOGON_ID,STAFF_ID,PASSWORD,VALID_FLAG,LOCK_FLAG,FAIL_LOGON_COUNT,MAX_FAIL_COUNT,PWD_EXPIRE_DAYS,PWD_EXPIRE_TIME,ACC_EXPIRE_TIME,LAST_LOGON_IP,LAST_LOGON_TIME) values ('master','000002','111111','1','0',0,null,null,'2020-03-15 10:10:10','2020-03-15 10:10:10','127.0.0.1','2013-03-15 10:10:10');
insert into SYS_LOGON_INFO (LOGON_ID,STAFF_ID,PASSWORD,VALID_FLAG,LOCK_FLAG,FAIL_LOGON_COUNT,MAX_FAIL_COUNT,PWD_EXPIRE_DAYS,PWD_EXPIRE_TIME,ACC_EXPIRE_TIME,LAST_LOGON_IP,LAST_LOGON_TIME) values ('leader','000003','111111','1','0',0,null,null,'2020-03-15 10:10:10','2020-03-15 10:10:10','127.0.0.1','2013-03-15 10:10:10');
insert into SYS_LOGON_INFO (LOGON_ID,STAFF_ID,PASSWORD,VALID_FLAG,LOCK_FLAG,FAIL_LOGON_COUNT,MAX_FAIL_COUNT,PWD_EXPIRE_DAYS,PWD_EXPIRE_TIME,ACC_EXPIRE_TIME,LAST_LOGON_IP,LAST_LOGON_TIME) values ('admin','admin','111111','1','0',0,10,100,'2020-03-15 10:10:10','2020-03-15 10:10:10','127.0.0.1','2013-03-15 10:10:10');
insert into SYS_LOGON_INFO (LOGON_ID,STAFF_ID,PASSWORD,VALID_FLAG,LOCK_FLAG,FAIL_LOGON_COUNT,MAX_FAIL_COUNT,PWD_EXPIRE_DAYS,PWD_EXPIRE_TIME,ACC_EXPIRE_TIME,LAST_LOGON_IP,LAST_LOGON_TIME) values ('100001','100001','111111','1','0',0,null,null,'2020-03-15 10:10:10','2020-03-15 10:10:10','127.0.0.1','2013-03-15 10:10:10');
insert into SYS_LOGON_INFO (LOGON_ID,STAFF_ID,PASSWORD,VALID_FLAG,LOCK_FLAG,FAIL_LOGON_COUNT,MAX_FAIL_COUNT,PWD_EXPIRE_DAYS,PWD_EXPIRE_TIME,ACC_EXPIRE_TIME,LAST_LOGON_IP,LAST_LOGON_TIME) values ('100002','100002','111111','1','0',0,null,null,'2020-03-15 10:10:10','2020-03-15 10:10:10','127.0.0.1','2013-03-15 10:10:10');
insert into SYS_LOGON_INFO (LOGON_ID,STAFF_ID,PASSWORD,VALID_FLAG,LOCK_FLAG,FAIL_LOGON_COUNT,MAX_FAIL_COUNT,PWD_EXPIRE_DAYS,PWD_EXPIRE_TIME,ACC_EXPIRE_TIME,LAST_LOGON_IP,LAST_LOGON_TIME) values ('100003','100003','111111','1','0',0,null,null,'2020-03-15 10:10:10','2020-03-15 10:10:10','127.0.0.1','2013-03-15 10:10:10');

insert into SYS_RES_URL (URL_ID,URL_NAME,URL_PATH) values ('1','jsp','jsp');
insert into SYS_RES_URL (URL_ID,URL_NAME,URL_PATH) values ('2','common','/jsp/common');
insert into SYS_RES_URL (URL_ID,URL_NAME,URL_PATH) values ('3','demo','/jsp/demo');
insert into SYS_RES_URL (URL_ID,URL_NAME,URL_PATH) values ('4','flow','/jsp/flow');
insert into SYS_RES_URL (URL_ID,URL_NAME,URL_PATH) values ('5','mkt','/jsp/mkt');
insert into SYS_RES_URL (URL_ID,URL_NAME,URL_PATH) values ('6','monitor','/jsp/monitor');
insert into SYS_RES_URL (URL_ID,URL_NAME,URL_PATH) values ('7','pub','/jsp/pub');
insert into SYS_RES_URL (URL_ID,URL_NAME,URL_PATH) values ('8','public','/jsp/public');
insert into SYS_RES_URL (URL_ID,URL_NAME,URL_PATH) values ('9','report','/jsp/report');
insert into SYS_RES_URL (URL_ID,URL_NAME,URL_PATH) values ('10','sys','/jsp/sys');
insert into SYS_RES_URL (URL_ID,URL_NAME,URL_PATH) values ('11','sysmgr','/jsp/sysmgr');
insert into SYS_RES_URL (URL_ID,URL_NAME,URL_PATH) values ('12','test','/jsp/test');
insert into SYS_RES_URL (URL_ID,URL_NAME,URL_PATH) values ('13','main.jsp(首页)','/jsp/main.jsp');
insert into SYS_RES_URL (URL_ID,URL_NAME,URL_PATH) values ('14','main2.jsp(首页)','/jsp/main2.jsp');
insert into SYS_RES_URL (URL_ID,URL_NAME,URL_PATH) values ('15','charts','/jsp/demo/charts');
insert into SYS_RES_URL (URL_ID,URL_NAME,URL_PATH) values ('16','single','/jsp/demo/charts/single');
insert into SYS_RES_URL (URL_ID,URL_NAME,URL_PATH) values ('21','upload','/jsp/common/upload');
insert into SYS_RES_URL (URL_ID,URL_NAME,URL_PATH) values ('22','errinfo.jsp(错误信息提示)','/jsp/common/errinfo.jsp');
insert into SYS_RES_URL (URL_ID,URL_NAME,URL_PATH) values ('23','includeOrg.jsp(prdTree)','/jsp/common/includeOrg.jsp');
insert into SYS_RES_URL (URL_ID,URL_NAME,URL_PATH) values ('25','selectUnitTree.jsp(prdTree)','/jsp/common/selectUnitTree.jsp');
insert into SYS_RES_URL (URL_ID,URL_NAME,URL_PATH) values ('27','file_inner.jsp','/jsp/common/upload/file_inner.jsp');
insert into SYS_RES_URL (URL_ID,URL_NAME,URL_PATH) values ('28','file_upload.jsp(上传下载)','/jsp/common/upload/file_upload.jsp');

insert into SYS_POSI_ASSIGN (POSI_ID,STAFF_ID,DEF_FLAG) values ('FFFFFF81F99175C301A5F7D3B87A583A','test','0');
insert into SYS_POSI_ASSIGN (POSI_ID,STAFF_ID,DEF_FLAG) values ('FFFFFF81F998081301A5F7D3D5DF0AF4','test','1');
insert into SYS_POSI_ASSIGN (POSI_ID,STAFF_ID,DEF_FLAG) values ('FFFFFF836BC42A3300D61B7BC41DBA9D','000001',null);
insert into SYS_POSI_ASSIGN (POSI_ID,STAFF_ID,DEF_FLAG) values ('FFFFFF836BC451DF00D61B7B624D2441','000003',null);
insert into SYS_POSI_ASSIGN (POSI_ID,STAFF_ID,DEF_FLAG) values ('FFFFFF836BC479F900D61B7B0A7ECA1F','000002',null);
insert into SYS_POSI_ASSIGN (POSI_ID,STAFF_ID,DEF_FLAG) values ('FFFFD10117189B33016D64686419CFB7','100001',null);
insert into SYS_POSI_ASSIGN (POSI_ID,STAFF_ID,DEF_FLAG) values ('FFFFFF836BC451DF00D61B7B624D2441','100002',null);
insert into SYS_POSI_ASSIGN (POSI_ID,STAFF_ID,DEF_FLAG) values ('FFFFD10121748FFB01689BF10F2FA7AB','100002',null);
insert into SYS_POSI_ASSIGN (POSI_ID,STAFF_ID,DEF_FLAG) values ('FFFFD10121748FFB01689BF10F2FA7AB','100003',null);
insert into SYS_POSI_ASSIGN (POSI_ID,STAFF_ID,DEF_FLAG) values ('FFFFFF836BC451DF00D61B7B624D2441','100003',null);
insert into SYS_POSI_ASSIGN (POSI_ID,STAFF_ID,DEF_FLAG) values ('FFFFD101171A02A2016D6468BA402EC0','100003',null);

insert into SYS_MENU (MENU_ID,NODE_ID,NODE_NAME,NODE_URL,PARENT_NODE,SEQ_ID,NODE_IMG,RELA_FLAG,NODE_TARGET,NODE_CMD,NODE_VISIBLE,NODE_TOOLTIP,HAS_CHILD_FLAG) values ('sys','m5_9','快捷定制','jsp/sysmgr/shortcuts.jsp','m5',6,null,'1',null,null,'1',null,null);
insert into SYS_MENU (MENU_ID,NODE_ID,NODE_NAME,NODE_URL,PARENT_NODE,SEQ_ID,NODE_IMG,RELA_FLAG,NODE_TARGET,NODE_CMD,NODE_VISIBLE,NODE_TOOLTIP,HAS_CHILD_FLAG) values ('sys','sysmonitor','系统监控',null,'sysroot',10000,null,'1',null,null,'1',null,'1');
insert into SYS_MENU (MENU_ID,NODE_ID,NODE_NAME,NODE_URL,PARENT_NODE,SEQ_ID,NODE_IMG,RELA_FLAG,NODE_TARGET,NODE_CMD,NODE_VISIBLE,NODE_TOOLTIP,HAS_CHILD_FLAG) values ('sys','perform','性能监控',null,'sysmonitor',2,null,'1',null,null,'1',null,'1');
insert into SYS_MENU (MENU_ID,NODE_ID,NODE_NAME,NODE_URL,PARENT_NODE,SEQ_ID,NODE_IMG,RELA_FLAG,NODE_TARGET,NODE_CMD,NODE_VISIBLE,NODE_TOOLTIP,HAS_CHILD_FLAG) values ('sys','useronline','在线用户','jsp/monitor/realtime/user/user_list.jsp','perform',2,null,'1',null,null,'1',null,'0');
insert into SYS_MENU (MENU_ID,NODE_ID,NODE_NAME,NODE_URL,PARENT_NODE,SEQ_ID,NODE_IMG,RELA_FLAG,NODE_TARGET,NODE_CMD,NODE_VISIBLE,NODE_TOOLTIP,HAS_CHILD_FLAG) values ('sys','files','文件系统','jsp/monitor/daily/file/file_list.jsp','daily',5,null,'1',null,null,'1',null,'0');
insert into SYS_MENU (MENU_ID,NODE_ID,NODE_NAME,NODE_URL,PARENT_NODE,SEQ_ID,NODE_IMG,RELA_FLAG,NODE_TARGET,NODE_CMD,NODE_VISIBLE,NODE_TOOLTIP,HAS_CHILD_FLAG) values ('sys','cpumem','CPU监控','jsp/monitor/daily/cpumem/cpumem_cinfo.jsp','daily',8,null,'1',null,null,'1',null,'0');
insert into SYS_MENU (MENU_ID,NODE_ID,NODE_NAME,NODE_URL,PARENT_NODE,SEQ_ID,NODE_IMG,RELA_FLAG,NODE_TARGET,NODE_CMD,NODE_VISIBLE,NODE_TOOLTIP,HAS_CHILD_FLAG) values ('sys','netinfo','网卡监控','jsp/monitor/daily/netstat/netstat_hwinfo.jsp','daily',12,null,'1',null,null,'1',null,'0');
insert into SYS_MENU (MENU_ID,NODE_ID,NODE_NAME,NODE_URL,PARENT_NODE,SEQ_ID,NODE_IMG,RELA_FLAG,NODE_TARGET,NODE_CMD,NODE_VISIBLE,NODE_TOOLTIP,HAS_CHILD_FLAG) values ('sys','daily','运维监控',null,'sysmonitor',3,null,'1',null,null,'1',null,'1');
insert into SYS_MENU (MENU_ID,NODE_ID,NODE_NAME,NODE_URL,PARENT_NODE,SEQ_ID,NODE_IMG,RELA_FLAG,NODE_TARGET,NODE_CMD,NODE_VISIBLE,NODE_TOOLTIP,HAS_CHILD_FLAG) values ('sys','procsys','进程信息','jsp/monitor/daily/proc/proc_list.jsp','daily',2,null,'1',null,null,'1',null,'0');
insert into SYS_MENU (MENU_ID,NODE_ID,NODE_NAME,NODE_URL,PARENT_NODE,SEQ_ID,NODE_IMG,RELA_FLAG,NODE_TARGET,NODE_CMD,NODE_VISIBLE,NODE_TOOLTIP,HAS_CHILD_FLAG) values ('sys','mem','内存监控','jsp/monitor/daily/cpumem/cpumem_minfo.jsp','daily',10,null,'1',null,null,'1',null,'0');
insert into SYS_MENU (MENU_ID,NODE_ID,NODE_NAME,NODE_URL,PARENT_NODE,SEQ_ID,NODE_IMG,RELA_FLAG,NODE_TARGET,NODE_CMD,NODE_VISIBLE,NODE_TOOLTIP,HAS_CHILD_FLAG) values ('sys','bizline','业务线维护','jsp/sysmgr/bizline/bizline.jsp','m5',10,null,'1',null,null,'1',null,null);
insert into SYS_MENU (MENU_ID,NODE_ID,NODE_NAME,NODE_URL,PARENT_NODE,SEQ_ID,NODE_IMG,RELA_FLAG,NODE_TARGET,NODE_CMD,NODE_VISIBLE,NODE_TOOLTIP,HAS_CHILD_FLAG) values ('sys','auditlog','日志查询','jsp/sysmgr/auditlog/auditlog_query.jsp','m5',30,null,'1',null,null,'1',null,null);
insert into SYS_MENU (MENU_ID,NODE_ID,NODE_NAME,NODE_URL,PARENT_NODE,SEQ_ID,NODE_IMG,RELA_FLAG,NODE_TARGET,NODE_CMD,NODE_VISIBLE,NODE_TOOLTIP,HAS_CHILD_FLAG) values ('sys','batch','批处理设置','jsp/sysmgr/batch/batstep.jsp','m5',15,null,'1',null,null,'1',null,null);
insert into SYS_MENU (MENU_ID,NODE_ID,NODE_NAME,NODE_URL,PARENT_NODE,SEQ_ID,NODE_IMG,RELA_FLAG,NODE_TARGET,NODE_CMD,NODE_VISIBLE,NODE_TOOLTIP,HAS_CHILD_FLAG) values ('sys','sysroot','主页菜单',null,null,0,null,'1',null,null,'1',null,'1');
insert into SYS_MENU (MENU_ID,NODE_ID,NODE_NAME,NODE_URL,PARENT_NODE,SEQ_ID,NODE_IMG,RELA_FLAG,NODE_TARGET,NODE_CMD,NODE_VISIBLE,NODE_TOOLTIP,HAS_CHILD_FLAG) values ('sys','m5','系统管理',null,'sysroot',null,null,'1',null,null,'1',null,'1');
insert into SYS_MENU (MENU_ID,NODE_ID,NODE_NAME,NODE_URL,PARENT_NODE,SEQ_ID,NODE_IMG,RELA_FLAG,NODE_TARGET,NODE_CMD,NODE_VISIBLE,NODE_TOOLTIP,HAS_CHILD_FLAG) values ('sys','m5_2','组织维护','jsp/sysmgr/unit/unit.jsp','m5',1,'/images/1.png','0',null,'oo','1',null,null);
insert into SYS_MENU (MENU_ID,NODE_ID,NODE_NAME,NODE_URL,PARENT_NODE,SEQ_ID,NODE_IMG,RELA_FLAG,NODE_TARGET,NODE_CMD,NODE_VISIBLE,NODE_TOOLTIP,HAS_CHILD_FLAG) values ('sys','m5_1','菜单维护','sys/menu!initialize.action','m5',3,'/images/5.png','0',null,null,'1',null,null);
insert into SYS_MENU (MENU_ID,NODE_ID,NODE_NAME,NODE_URL,PARENT_NODE,SEQ_ID,NODE_IMG,RELA_FLAG,NODE_TARGET,NODE_CMD,NODE_VISIBLE,NODE_TOOLTIP,HAS_CHILD_FLAG) values ('sys','m5_3','角色维护','jsp/sysmgr/role/role.jsp','m5',2,'/images/2.png','0',null,null,'1',null,null);
insert into SYS_MENU (MENU_ID,NODE_ID,NODE_NAME,NODE_URL,PARENT_NODE,SEQ_ID,NODE_IMG,RELA_FLAG,NODE_TARGET,NODE_CMD,NODE_VISIBLE,NODE_TOOLTIP,HAS_CHILD_FLAG) values ('sys','m5_4','参数表维护','jsp/sysmgr/enum/enum.jsp','m5',4,'/images/1.png','0',null,null,'1',null,null);
insert into SYS_MENU (MENU_ID,NODE_ID,NODE_NAME,NODE_URL,PARENT_NODE,SEQ_ID,NODE_IMG,RELA_FLAG,NODE_TARGET,NODE_CMD,NODE_VISIBLE,NODE_TOOLTIP,HAS_CHILD_FLAG) values ('sys','m5_5','人员维护','jsp/sysmgr/staff/staff.jsp','m5',5,'/images/2.png','0',null,null,'1',null,null);
insert into SYS_MENU (MENU_ID,NODE_ID,NODE_NAME,NODE_URL,PARENT_NODE,SEQ_ID,NODE_IMG,RELA_FLAG,NODE_TARGET,NODE_CMD,NODE_VISIBLE,NODE_TOOLTIP,HAS_CHILD_FLAG) values ('sys','m5_8','功能点资源','jsp/sysmgr/func/list.jsp','m5',9,null,'1',null,null,'1',null,null);
insert into SYS_MENU (MENU_ID,NODE_ID,NODE_NAME,NODE_URL,PARENT_NODE,SEQ_ID,NODE_IMG,RELA_FLAG,NODE_TARGET,NODE_CMD,NODE_VISIBLE,NODE_TOOLTIP,HAS_CHILD_FLAG) values ('sys','m5_6','角色分配','jsp/sysmgr/role/roleass.jsp','m5',6,null,'1',null,null,'1',null,null);
insert into SYS_MENU (MENU_ID,NODE_ID,NODE_NAME,NODE_URL,PARENT_NODE,SEQ_ID,NODE_IMG,RELA_FLAG,NODE_TARGET,NODE_CMD,NODE_VISIBLE,NODE_TOOLTIP,HAS_CHILD_FLAG) values ('sys','baseinfo','基本信息','jsp/monitor/welcome/baseinfo/baseinfo_initdata.jsp','sysmonitor',0,null,'1',null,null,'1',null,'0');
insert into SYS_MENU (MENU_ID,NODE_ID,NODE_NAME,NODE_URL,PARENT_NODE,SEQ_ID,NODE_IMG,RELA_FLAG,NODE_TARGET,NODE_CMD,NODE_VISIBLE,NODE_TOOLTIP,HAS_CHILD_FLAG) values ('sys','SQL','SQL性能','jsp/monitor/realtime/sql/sql_list.jsp','perform',1,null,'1',null,null,'1',null,'0');
insert into SYS_MENU (MENU_ID,NODE_ID,NODE_NAME,NODE_URL,PARENT_NODE,SEQ_ID,NODE_IMG,RELA_FLAG,NODE_TARGET,NODE_CMD,NODE_VISIBLE,NODE_TOOLTIP,HAS_CHILD_FLAG) values ('sys','db','数据库信息','jsp/monitor/daily/db/db_tablespace.jsp','daily',14,null,'1',null,null,'1',null,'0');

insert into SYS_HOMEPAGE (USER_ID,LAYOUT_DATA) values ('000001','||');
insert into SYS_HOMEPAGE (USER_ID,LAYOUT_DATA) values ('000003','|ZW2|ZW3');
insert into SYS_HOMEPAGE (USER_ID,LAYOUT_DATA) values ('100001','||');
insert into SYS_HOMEPAGE (USER_ID,LAYOUT_DATA) values ('100002','||');
insert into SYS_HOMEPAGE (USER_ID,LAYOUT_DATA) values ('admin','ZW4|ZW2,ZW5|ZW3');

insert into SYS_RES_FUNCTION (FUNC_ID,FUNC_CODE,JSP_PATH,FUNC_NAME,FUNC_DESC) values ('FFFFFF8336D963F20001DDCB81FF3188','insert_bltype','/jsp/sysmgr/bizline/bizline.jsp','insert_bltype',null);
insert into SYS_RES_FUNCTION (FUNC_ID,FUNC_CODE,JSP_PATH,FUNC_NAME,FUNC_DESC) values ('FFFFFF8336D9646000883F8FEE3BA0D7','update_bltype','/jsp/sysmgr/bizline/bizline.jsp','update_bltype',null);
insert into SYS_RES_FUNCTION (FUNC_ID,FUNC_CODE,JSP_PATH,FUNC_NAME,FUNC_DESC) values ('FFFFFF8336D964600104C58EFDEC063A','delete_bltype','/jsp/sysmgr/bizline/bizline.jsp','delete_bltype',null);
insert into SYS_RES_FUNCTION (FUNC_ID,FUNC_CODE,JSP_PATH,FUNC_NAME,FUNC_DESC) values ('FFFFFF8336D964600046279960BDDF40','insert_blval','/jsp/sysmgr/bizline/bizline.jsp','insert_blval',null);
insert into SYS_RES_FUNCTION (FUNC_ID,FUNC_CODE,JSP_PATH,FUNC_NAME,FUNC_DESC) values ('FFFFFF8336D9646F01D1E765464189E4','update_blval','/jsp/sysmgr/bizline/bizline.jsp','update_blval',null);
insert into SYS_RES_FUNCTION (FUNC_ID,FUNC_CODE,JSP_PATH,FUNC_NAME,FUNC_DESC) values ('FFFFFF8336D9646F01AE9EF9C89193DA','delete_blval','/jsp/sysmgr/bizline/bizline.jsp','delete_blval',null);
insert into SYS_RES_FUNCTION (FUNC_ID,FUNC_CODE,JSP_PATH,FUNC_NAME,FUNC_DESC) values ('FFFFFF8336D9646F0147164DE29676E9','ass_blval','/jsp/sysmgr/bizline/bizline.jsp','ass_blval',null);

insert into SYS_ENUM (ENUM_ID,ENUM_NAME,ENUM_DESC,LINK_SRC_FLAG,CREATE_USER,CREATE_TIME,LAST_UPD_USER,LAST_UPD_TIME) values ('log_func_type','操作类型',null,'0',null,null,null,null);
insert into SYS_ENUM (ENUM_ID,ENUM_NAME,ENUM_DESC,LINK_SRC_FLAG,CREATE_USER,CREATE_TIME,LAST_UPD_USER,LAST_UPD_TIME) values ('unit_kind','组织类型',null,'1',null,null,null,null);
insert into SYS_ENUM (ENUM_ID,ENUM_NAME,ENUM_DESC,LINK_SRC_FLAG,CREATE_USER,CREATE_TIME,LAST_UPD_USER,LAST_UPD_TIME) values ('log_exec_result','执行结果',null,'1',null,null,null,null);
insert into SYS_ENUM (ENUM_ID,ENUM_NAME,ENUM_DESC,LINK_SRC_FLAG,CREATE_USER,CREATE_TIME,LAST_UPD_USER,LAST_UPD_TIME) values ('log_biz_type','业务类型',null,'0',null,null,null,null);
insert into SYS_ENUM (ENUM_ID,ENUM_NAME,ENUM_DESC,LINK_SRC_FLAG,CREATE_USER,CREATE_TIME,LAST_UPD_USER,LAST_UPD_TIME) values ('batstep_type','步骤类型',null,'0',null,null,null,null);
insert into SYS_ENUM (ENUM_ID,ENUM_NAME,ENUM_DESC,LINK_SRC_FLAG,CREATE_USER,CREATE_TIME,LAST_UPD_USER,LAST_UPD_TIME) values ('valid_type','有效标',null,'0',null,null,null,null);
insert into SYS_ENUM (ENUM_ID,ENUM_NAME,ENUM_DESC,LINK_SRC_FLAG,CREATE_USER,CREATE_TIME,LAST_UPD_USER,LAST_UPD_TIME) values ('yes_no','是否标志','是否标志','0',null,null,null,null);
insert into SYS_ENUM (ENUM_ID,ENUM_NAME,ENUM_DESC,LINK_SRC_FLAG,CREATE_USER,CREATE_TIME,LAST_UPD_USER,LAST_UPD_TIME) values ('sex1','性别',null,'0',null,null,null,'2013-03-15 10:10:10');
insert into SYS_ENUM (ENUM_ID,ENUM_NAME,ENUM_DESC,LINK_SRC_FLAG,CREATE_USER,CREATE_TIME,LAST_UPD_USER,LAST_UPD_TIME) values ('work_type','work_type',null,'1',null,'2013-03-15 10:10:10',null,'2013-03-15 10:10:10');

insert into SYS_POSITION (POSI_ID,UNIT_ID,ROLE_ID) values ('FFFFFF836BC42A3300D61B7BC41DBA9D','111000','staff');
insert into SYS_POSITION (POSI_ID,UNIT_ID,ROLE_ID) values ('FFFFFF836BC451DF00D61B7B624D2441','111000','depart_leader');
insert into SYS_POSITION (POSI_ID,UNIT_ID,ROLE_ID) values ('FFFFFF836BC479F900D61B7B0A7ECA1F','111000','master');
insert into SYS_POSITION (POSI_ID,UNIT_ID,ROLE_ID) values ('FFFFD10117189B33016D64686419CFB7','121000','staff');
insert into SYS_POSITION (POSI_ID,UNIT_ID,ROLE_ID) values ('FFFFD10121748FFB01689BF10F2FA7AB','121000','master');
insert into SYS_POSITION (POSI_ID,UNIT_ID,ROLE_ID) values ('FFFFD101171A02A2016D6468BA402EC0','121000','depart_leader');

insert into SYS_ROLE (ROLE_ID,ROLE_NAME,ROLE_STATUS,REMARK,PARENT_ROLE_ID,CREATE_USER,CREATE_TIME,LAST_UPD_USER,LAST_UPD_TIME,EXT1,EXT2,EXT3) values ('staff','普通员工角色','1',null,'master','admin','2013-03-15 10:10:10',null,null,null,null,null);
insert into SYS_ROLE (ROLE_ID,ROLE_NAME,ROLE_STATUS,REMARK,PARENT_ROLE_ID,CREATE_USER,CREATE_TIME,LAST_UPD_USER,LAST_UPD_TIME,EXT1,EXT2,EXT3) values ('depart_leader','部门领导角色','1',null,null,'admin','2013-03-15 10:10:10',null,null,null,null,null);
insert into SYS_ROLE (ROLE_ID,ROLE_NAME,ROLE_STATUS,REMARK,PARENT_ROLE_ID,CREATE_USER,CREATE_TIME,LAST_UPD_USER,LAST_UPD_TIME,EXT1,EXT2,EXT3) values ('master','经理角色','1',null,'depart_leader','admin','2013-03-15 10:10:10',null,null,null,null,null);

insert into SYS_BIZ_VALUE (BIZ_TYPE_ID,BIZ_VALUE,BIZ_NAME,REMARK,CREATE_USER,CREATE_TIME,LAST_UPD_USER,LAST_UPD_TIME) values ('ENT_PSN','1','对公业务线',null,'admin',null,null,null);
insert into SYS_BIZ_VALUE (BIZ_TYPE_ID,BIZ_VALUE,BIZ_NAME,REMARK,CREATE_USER,CREATE_TIME,LAST_UPD_USER,LAST_UPD_TIME) values ('ENT_PSN','0','对私和对公业务线',null,'admin',null,'admin',null);
insert into SYS_BIZ_VALUE (BIZ_TYPE_ID,BIZ_VALUE,BIZ_NAME,REMARK,CREATE_USER,CREATE_TIME,LAST_UPD_USER,LAST_UPD_TIME) values ('ENT_PSN','2','对私业务线',null,'admin',null,null,null);

insert into SYS_ENUM_ITEM (ENUM_ID,ITEM_ID,ITEM_VALUE,ITEM_DESC,SEQ_ID) values ('yes_no','0','否',null,1);
insert into SYS_ENUM_ITEM (ENUM_ID,ITEM_ID,ITEM_VALUE,ITEM_DESC,SEQ_ID) values ('yes_no','1','是',null,2);
insert into SYS_ENUM_ITEM (ENUM_ID,ITEM_ID,ITEM_VALUE,ITEM_DESC,SEQ_ID) values ('batstep_type','D','每日',null,2);
insert into SYS_ENUM_ITEM (ENUM_ID,ITEM_ID,ITEM_VALUE,ITEM_DESC,SEQ_ID) values ('batstep_type','Y','每年',null,1);
insert into SYS_ENUM_ITEM (ENUM_ID,ITEM_ID,ITEM_VALUE,ITEM_DESC,SEQ_ID) values ('unit_kind','2','部门',null,2);
insert into SYS_ENUM_ITEM (ENUM_ID,ITEM_ID,ITEM_VALUE,ITEM_DESC,SEQ_ID) values ('unit_kind','1','机构',null,1);
insert into SYS_ENUM_ITEM (ENUM_ID,ITEM_ID,ITEM_VALUE,ITEM_DESC,SEQ_ID) values ('log_exec_result','0','失败',null,2);
insert into SYS_ENUM_ITEM (ENUM_ID,ITEM_ID,ITEM_VALUE,ITEM_DESC,SEQ_ID) values ('log_exec_result','1','成功',null,1);
insert into SYS_ENUM_ITEM (ENUM_ID,ITEM_ID,ITEM_VALUE,ITEM_DESC,SEQ_ID) values ('log_biz_type','unit','组织维护',null,1);
insert into SYS_ENUM_ITEM (ENUM_ID,ITEM_ID,ITEM_VALUE,ITEM_DESC,SEQ_ID) values ('log_biz_type','LOGON','登陆',null,4);
insert into SYS_ENUM_ITEM (ENUM_ID,ITEM_ID,ITEM_VALUE,ITEM_DESC,SEQ_ID) values ('log_func_type','DE','删除',null,3);
insert into SYS_ENUM_ITEM (ENUM_ID,ITEM_ID,ITEM_VALUE,ITEM_DESC,SEQ_ID) values ('log_biz_type','enum','参数表维护',null,3);
insert into SYS_ENUM_ITEM (ENUM_ID,ITEM_ID,ITEM_VALUE,ITEM_DESC,SEQ_ID) values ('log_biz_type','role','角色维护',null,2);
insert into SYS_ENUM_ITEM (ENUM_ID,ITEM_ID,ITEM_VALUE,ITEM_DESC,SEQ_ID) values ('log_func_type','IN','新增',null,1);
insert into SYS_ENUM_ITEM (ENUM_ID,ITEM_ID,ITEM_VALUE,ITEM_DESC,SEQ_ID) values ('log_func_type','QU','查询',null,4);
insert into SYS_ENUM_ITEM (ENUM_ID,ITEM_ID,ITEM_VALUE,ITEM_DESC,SEQ_ID) values ('log_func_type','UP','修改',null,2);
insert into SYS_ENUM_ITEM (ENUM_ID,ITEM_ID,ITEM_VALUE,ITEM_DESC,SEQ_ID) values ('log_func_type','NO','普通操作',null,5);
insert into SYS_ENUM_ITEM (ENUM_ID,ITEM_ID,ITEM_VALUE,ITEM_DESC,SEQ_ID) values ('valid_type','0','无效',null,1);
insert into SYS_ENUM_ITEM (ENUM_ID,ITEM_ID,ITEM_VALUE,ITEM_DESC,SEQ_ID) values ('valid_type','1','有效',null,2);
insert into SYS_ENUM_ITEM (ENUM_ID,ITEM_ID,ITEM_VALUE,ITEM_DESC,SEQ_ID) values ('sex','F','女',null,2);
insert into SYS_ENUM_ITEM (ENUM_ID,ITEM_ID,ITEM_VALUE,ITEM_DESC,SEQ_ID) values ('sex','M','男',null,1);
insert into SYS_ENUM_ITEM (ENUM_ID,ITEM_ID,ITEM_VALUE,ITEM_DESC,SEQ_ID) values ('work_type','w','普通',null,1);

insert into SYS_STAFF (STAFF_ID,STAFF_NAME,OWNER_UNITID,STAFF_LEVEL,STAFF_STATUS,SEX,CREATE_USER,CREATE_TIME,LAST_UPD_USER,LAST_UPD_TIME,EXT1,EXT2,EXT3) values ('000002','小二','111000',1,'1','M','admin','2013-03-15 10:10:10','admin','2013-03-15 10:10:10',null,null,null);
insert into SYS_STAFF (STAFF_ID,STAFF_NAME,OWNER_UNITID,STAFF_LEVEL,STAFF_STATUS,SEX,CREATE_USER,CREATE_TIME,LAST_UPD_USER,LAST_UPD_TIME,EXT1,EXT2,EXT3) values ('test','test','100000',null,'1','M','admin','2013-03-15 10:10:10',null,null,null,null,null);
insert into SYS_STAFF (STAFF_ID,STAFF_NAME,OWNER_UNITID,STAFF_LEVEL,STAFF_STATUS,SEX,CREATE_USER,CREATE_TIME,LAST_UPD_USER,LAST_UPD_TIME,EXT1,EXT2,EXT3) values ('000001','张三','111000',1,'1','M','admin','2013-03-15 10:10:10',null,null,null,null,null);
insert into SYS_STAFF (STAFF_ID,STAFF_NAME,OWNER_UNITID,STAFF_LEVEL,STAFF_STATUS,SEX,CREATE_USER,CREATE_TIME,LAST_UPD_USER,LAST_UPD_TIME,EXT1,EXT2,EXT3) values ('000003','老大','111000',1,'1','M','admin','2013-03-15 10:10:10',null,null,null,null,null);
insert into SYS_STAFF (STAFF_ID,STAFF_NAME,OWNER_UNITID,STAFF_LEVEL,STAFF_STATUS,SEX,CREATE_USER,CREATE_TIME,LAST_UPD_USER,LAST_UPD_TIME,EXT1,EXT2,EXT3) values ('admin','管理员','000000',1,'1','M','admin','2013-03-15 10:10:10',null,'2013-03-15 10:10:10',null,null,null);
insert into SYS_STAFF (STAFF_ID,STAFF_NAME,OWNER_UNITID,STAFF_LEVEL,STAFF_STATUS,SEX,CREATE_USER,CREATE_TIME,LAST_UPD_USER,LAST_UPD_TIME,EXT1,EXT2,EXT3) values ('100003','w3','121000',null,'1','M','admin','2013-03-15 10:10:10',null,null,null,null,null);
insert into SYS_STAFF (STAFF_ID,STAFF_NAME,OWNER_UNITID,STAFF_LEVEL,STAFF_STATUS,SEX,CREATE_USER,CREATE_TIME,LAST_UPD_USER,LAST_UPD_TIME,EXT1,EXT2,EXT3) values ('100001','ww','121000',null,'1',null,'admin','2013-03-15 10:10:10',null,null,null,null,null);
insert into SYS_STAFF (STAFF_ID,STAFF_NAME,OWNER_UNITID,STAFF_LEVEL,STAFF_STATUS,SEX,CREATE_USER,CREATE_TIME,LAST_UPD_USER,LAST_UPD_TIME,EXT1,EXT2,EXT3) values ('100002','w2','121000',null,'1',null,'admin','2013-03-15 10:10:10',null,null,null,null,null);

insert into SYS_UNIT (UNIT_ID,UNIT_NAME,SUPER_UNITID,UNIT_LEVEL,UNIT_KIND,UNIT_STATUS,UNIT_INDEX,UNIT_PATH,LEAF_FLAG,CREATE_USER,CREATE_TIME,LAST_UPD_USER,LAST_UPD_TIME,EXT1,EXT2,EXT3,EXT4,EXT5) values ('100000','总行',null,'0','1','1',null,null,'0','admin',null,null,null,null,null,null,null,null);
insert into SYS_UNIT (UNIT_ID,UNIT_NAME,SUPER_UNITID,UNIT_LEVEL,UNIT_KIND,UNIT_STATUS,UNIT_INDEX,UNIT_PATH,LEAF_FLAG,CREATE_USER,CREATE_TIME,LAST_UPD_USER,LAST_UPD_TIME,EXT1,EXT2,EXT3,EXT4,EXT5) values ('111000','部门1','110000','2','2','1',null,null,'1','admin','2013-03-15 10:10:10','admin','2013-03-15 10:10:10',null,null,null,null,null);
insert into SYS_UNIT (UNIT_ID,UNIT_NAME,SUPER_UNITID,UNIT_LEVEL,UNIT_KIND,UNIT_STATUS,UNIT_INDEX,UNIT_PATH,LEAF_FLAG,CREATE_USER,CREATE_TIME,LAST_UPD_USER,LAST_UPD_TIME,EXT1,EXT2,EXT3,EXT4,EXT5) values ('110000','分行','100000','1','1','1',null,null,'0','admin','2013-03-15 10:10:10',null,null,null,null,null,null,null);
insert into SYS_UNIT (UNIT_ID,UNIT_NAME,SUPER_UNITID,UNIT_LEVEL,UNIT_KIND,UNIT_STATUS,UNIT_INDEX,UNIT_PATH,LEAF_FLAG,CREATE_USER,CREATE_TIME,LAST_UPD_USER,LAST_UPD_TIME,EXT1,EXT2,EXT3,EXT4,EXT5) values ('120000','分行2','100000','1','2','1',null,null,'0','admin','2013-03-15 10:10:10','admin','2013-03-15 10:10:10',null,null,null,null,null);
insert into SYS_UNIT (UNIT_ID,UNIT_NAME,SUPER_UNITID,UNIT_LEVEL,UNIT_KIND,UNIT_STATUS,UNIT_INDEX,UNIT_PATH,LEAF_FLAG,CREATE_USER,CREATE_TIME,LAST_UPD_USER,LAST_UPD_TIME,EXT1,EXT2,EXT3,EXT4,EXT5) values ('121000','部门2','120000','2','2','1',null,null,'1','admin','2013-03-15 10:10:10','admin','2013-03-15 10:10:10',null,null,null,null,null);

insert into SYS_UNITMAP (UNIT_ID,RELA_UNITID) values ('100000','100000');
insert into SYS_UNITMAP (UNIT_ID,RELA_UNITID) values ('100000','110000');
insert into SYS_UNITMAP (UNIT_ID,RELA_UNITID) values ('100000','111000');
insert into SYS_UNITMAP (UNIT_ID,RELA_UNITID) values ('100000','120000');
insert into SYS_UNITMAP (UNIT_ID,RELA_UNITID) values ('100000','121000');
insert into SYS_UNITMAP (UNIT_ID,RELA_UNITID) values ('110000','110000');
insert into SYS_UNITMAP (UNIT_ID,RELA_UNITID) values ('110000','111000');
insert into SYS_UNITMAP (UNIT_ID,RELA_UNITID) values ('111000','111000');
insert into SYS_UNITMAP (UNIT_ID,RELA_UNITID) values ('120000','120000');
insert into SYS_UNITMAP (UNIT_ID,RELA_UNITID) values ('120000','121000');
insert into SYS_UNITMAP (UNIT_ID,RELA_UNITID) values ('121000','121000');

insert into SYS_WIDGET (WID,TITLE,DATA_SERVICE,TYPE,PARAMA,PARAMB,PARAMC,REMARK) values ('ZW3','图表-饼图',null,'chart','Pie2D',null,null,'图形显示微件');
insert into SYS_WIDGET (WID,TITLE,DATA_SERVICE,TYPE,PARAMA,PARAMB,PARAMC,REMARK) values ('ZW4','图表-柱状图',null,'chart','Column2D',null,null,null);
insert into SYS_WIDGET (WID,TITLE,DATA_SERVICE,TYPE,PARAMA,PARAMB,PARAMC,REMARK) values ('ZW5','图表-曲线图',null,'chart','Line',null,null,null);
insert into SYS_WIDGET (WID,TITLE,DATA_SERVICE,TYPE,PARAMA,PARAMB,PARAMC,REMARK) values ('ZW6','图表-曲线图',null,'chart','Area2D',null,null,null);
insert into SYS_WIDGET (WID,TITLE,DATA_SERVICE,TYPE,PARAMA,PARAMB,PARAMC,REMARK) values ('ZW7','角色列表',null,'rolegrid','','',null,null);
insert into SYS_WIDGET (WID,TITLE,DATA_SERVICE,TYPE,PARAMA,PARAMB,PARAMC,REMARK) values ('ZW2','计算器',null,'calc','','',null,'计算器微件');

insert into PUB_STAFF_QUICK_MENU (staff_id ,unit_id ,role_id ,menu_id ,seq ,misc )  values('admin','000000','*','m5_3' ,1,null);
insert into PUB_STAFF_QUICK_MENU (staff_id ,unit_id ,role_id ,menu_id ,seq ,misc )  values('admin','000000','*','m5_1' ,2,null);
insert into PUB_STAFF_QUICK_MENU (staff_id ,unit_id ,role_id ,menu_id ,seq ,misc )  values('admin','000000','*','m5_4' ,3,null);
