kmdm,kmmc,dwdm,dwmc,rlj,ylj,nlj
2010101,行政运行,2,大连市人民代表大会常务委员会办公厅,0,789380.18,1121781.37
2010102,一般行政管理事务,2,大连市人民代表大会常务委员会办公厅,0,9799,9799
2010108,代表工作,2,大连市人民代表大会常务委员会办公厅,0,49720.22,49720.22
2010150,事业运行,2,大连市人民代表大会常务委员会办公厅,0,34640.74,57129.66
2010201,行政运行,3,中国人民政治协商会议辽宁省大连市委员会办公厅,0,593163.37,639893.02
2010202,一般行政管理事务,3,中国人民政治协商会议辽宁省大连市委员会办公厅,0,273073.66,273073.66
2010204,政协会议,3,中国人民政治协商会议辽宁省大连市委员会办公厅,0,24750,24750
2010205,委员视察,3,中国人民政治协商会议辽宁省大连市委员会办公厅,0,1412,1412
2010206,参政议政,3,中国人民政治协商会议辽宁省大连市委员会办公厅,0,24671,24671
2010250,事业运行,3,中国人民政治协商会议辽宁省大连市委员会办公厅,0,58476.85,93746.17
2010301,行政运行,5,大连市人民政府办公厅,0,3139176.32,6433402.37
2010301,行政运行,18,大连市机关事业单位工资统发管理办公室,0,72447.95,132753.23
2010301,行政运行,66,大连市接待办公室,0,114205.33,169035.5
2010301,行政运行,74,大连市人民防空办公室,0,159212.94,365252.73
2010301,行政运行,118,大连市公共行政服务中心,0,425633.36,778559.93
2010302,一般行政管理事务,5,大连市人民政府办公厅,0,7927861.52,10214643.51
2010302,一般行政管理事务,66,大连市接待办公室,0,2975000,2975000
2010302,一般行政管理事务,118,大连市公共行政服务中心,0,1815500,2278161.6
2010307,法制建设,5,大连市人民政府办公厅,0,17497,17497
2010308,信访事务,5,大连市人民政府办公厅,0,44656.5,237514.5
2010350,事业运行,5,大连市人民政府办公厅,0,567560.65,1019105.43
2010399,其他政府办公厅（室）及相关机构事务支出,5,大连市人民政府办公厅,0,43746.27,43746.27
2010399,其他政府办公厅（室）及相关机构事务支出,18,大连市机关事业单位工资统发管理办公室,0,90078,90078
2010401,行政运行,5,大连市人民政府办公厅,0,708691.41,888048.64
2010401,行政运行,7,大连市发展和改革委员会,0,76650.12,125846.66
2010401,行政运行,110,大连市物价局,0,560550.03,1024355.33
2010408,物价管理,110,大连市物价局,0,13873.1,13873.1
2010450,事业运行,7,大连市发展和改革委员会,0,244848.86,514880.85
2010499,其他发展与改革事务支出,5,大连市人民政府办公厅,0,2960,2960
2010499,其他发展与改革事务支出,7,大连市发展和改革委员会,0,161486.4,484349.9
2010501,行政运行,41,大连市统计局,0,511327.11,766028.74
2010505,专项统计业务,41,大连市统计局,0,8123.64,8123.64
2010507,专项普查活动,41,大连市统计局,0,6494,6494
2010550,事业运行,41,大连市统计局,0,1698.55,3198.55
2010601,行政运行,17,大连市财政局,0,1285003.43,2903713.36
2010602,一般行政管理事务,17,大连市财政局,0,0,17549
2010607,信息化建设,17,大连市财政局,0,96840,96840
2010650,事业运行,17,大连市财政局,0,464423.67,1176728.42
2010699,其他财政事务支出,17,大连市财政局,0,1226056.06,2163831.06
2010701,行政运行,37,大连市地方税务局,0,16541133.8,34690904.13
2010702,一般行政管理事务,37,大连市地方税务局,0,683167.73,795860.73
2010706,代扣代收代征税款手续费,37,大连市地方税务局,0,26283.62,312519.66
2010750,事业运行,37,大连市地方税务局,0,139934.76,328524.88
2010801,行政运行,36,大连市审计局,0,644779.94,1096684.69
2010850,事业运行,36,大连市审计局,0,90800.97,183343.41
2011001,行政运行,19,大连市人力资源和社会保障局,0,816825.01,1749246.23
2011009,公务员考核,6,大连市人民政府国有资产监督管理委员会,0,10000,10000
2011050,事业运行,19,大连市人力资源和社会保障局,0,476050.92,953934.29
2011099,其他人事事务支出,19,大连市人力资源和社会保障局,0,117674.81,675873.6
2011101,行政运行,4,中国共产党大连市纪律检查委员会办公厅,0,763143.48,1700214.27
2011102,一般行政管理事务,4,中国共产党大连市纪律检查委员会办公厅,0,38618.18,38618.18
2011150,事业运行,4,中国共产党大连市纪律检查委员会办公厅,0,100828.08,234474.28
2011199,其他纪检监察事务支出,4,中国共产党大连市纪律检查委员会办公厅,0,726905.29,726905.29
2011301,行政运行,32,大连市服务业委员会,0,529524.28,1037173.85
2011302,一般行政管理事务,32,大连市服务业委员会,0,9067,21417
2011350,事业运行,32,大连市服务业委员会,0,113501.2,219268.28
2011399,其他商贸事务支出,32,大连市服务业委员会,0,200,500
2011501,行政运行,52,大连市工商行政管理局,0,1390117.43,2202676.81
2011502,一般行政管理事务,52,大连市工商行政管理局,0,86817,86817
2011505,执法办案专项,52,大连市工商行政管理局,0,399985.6,399985.6
2011550,事业运行,52,大连市工商行政管理局,0,377422.86,736336.57
2011701,行政运行,38,大连市质量技术监督局,0,840678.17,1389988.39
2011702,一般行政管理事务,38,大连市质量技术监督局,0,64318.24,817206.48
2011707,质量技术监督技术支持,38,大连市质量技术监督局,0,2219,2219
2011750,事业运行,38,大连市质量技术监督局,0,4791690.22,10463337.16
2011799,其他质量技术监督与检验检疫事务支出,38,大连市质量技术监督局,0,1510463.8,1583198.12
2012301,行政运行,5,大连市人民政府办公厅,0,185557.68,308858.99
2012304,民族工作专项,5,大连市人民政府办公厅,0,20788,20788
2012350,事业运行,5,大连市人民政府办公厅,0,21918.16,37475.84
2012404,宗教工作专项,5,大连市人民政府办公厅,0,13598,13598
2012501,行政运行,5,大连市人民政府办公厅,0,251924.18,346091.48
2012501,行政运行,44,大连市外事（侨务）办公室,0,242036.87,389617.2
2012502,一般行政管理事务,5,大连市人民政府办公厅,0,11000,11000
2012502,一般行政管理事务,44,大连市外事（侨务）办公室,0,686228.74,686228.74
2012599,其他港澳台侨事务支出,44,大连市外事（侨务）办公室,0,49875.5,49875.5
2012601,行政运行,54,大连市档案局,0,186685.61,436742.11
2012602,一般行政管理事务,54,大连市档案局,0,96400,96400
2012801,行政运行,57,大连市民主党派行政事务管理办公室,0,608075.94,1065751.64
2012801,行政运行,60,大连市工商业联合会,0,279453.35,578878.61
2012802,一般行政管理事务,57,大连市民主党派行政事务管理办公室,0,47510,47510
2012802,一般行政管理事务,60,大连市工商业联合会,0,0,5700
2012901,行政运行,58,大连市妇女联合会,0,84475.11,232744.98
2012901,行政运行,59,中国共产主义青年团大连市委员会,0,112778.82,310237.42
2012901,行政运行,61,大连市总工会,0,125.34,252096.95
2012902,一般行政管理事务,58,大连市妇女联合会,0,10537,10537
2012902,一般行政管理事务,59,中国共产主义青年团大连市委员会,0,53717.18,53717.18
2012950,事业运行,58,大连市妇女联合会,0,5331.07,11874.54
2013101,行政运行,1,中共大连市委办公厅,0,490686.6,2020908.79
2013102,一般行政管理事务,1,中共大连市委办公厅,0,553679,2638557.14
2013150,事业运行,1,中共大连市委办公厅,0,150021.14,372055.45
2013199,其他党委办公厅（室）及相关机构事务支出,1,中共大连市委办公厅,0,908,908
2013201,行政运行,1,中共大连市委办公厅,0,5036458.38,5889361.05
2013202,一般行政管理事务,1,中共大连市委办公厅,0,2719.5,2719.5
2013250,事业运行,1,中共大连市委办公厅,0,31255.87,78916
2013301,行政运行,1,中共大连市委办公厅,0,259924.74,908701.31
2013302,一般行政管理事务,1,中共大连市委办公厅,0,3960,3960
2013401,行政运行,1,中共大连市委办公厅,0,116698.67,514268.3
2013402,一般行政管理事务,1,中共大连市委办公厅,0,1109.5,111109.5
2013601,行政运行,1,中共大连市委办公厅,0,374791.24,1741677.96
2013602,一般行政管理事务,1,中共大连市委办公厅,0,276922.5,276922.5
2013650,事业运行,1,中共大连市委办公厅,0,61276.44,152264.08
2013699,其他共产党事务支出,1,中共大连市委办公厅,0,34800,34800
2030603,人民防空,74,大连市人民防空办公室,0,1747183.71,2844984.41
2040201,行政运行,11,大连市公安局,0,49103381.11,110232628.4
2040201,行政运行,114,大连市公安局交通警察支队,0,4884285.39,15474369.93
2040202,一般行政管理事务,11,大连市公安局,0,13740158.49,37819098.17
2040202,一般行政管理事务,114,大连市公安局交通警察支队,0,1574165.4,2536110.4
2040204,治安管理,11,大连市公安局,0,114833.3,3921851.3
2040208,出入境管理,11,大连市公安局,0,124682.99,124682.99
2040211,禁毒管理,11,大连市公安局,0,54608,54608
2040212,道路交通管理,11,大连市公安局,0,160586.4,160586.4
2040212,道路交通管理,114,大连市公安局交通警察支队,0,344667.66,391388.75
2040214,反恐怖,11,大连市公安局,0,42674,17612674
2040217,拘押收教场所管理,11,大连市公安局,0,666552.94,666552.94
2040250,事业运行,11,大连市公安局,0,7518738.93,19909420.84
2040250,事业运行,114,大连市公安局交通警察支队,0,576858.85,1358964.16
2040401,行政运行,13,辽宁省大连市人民检察院,0,1815760.5,4141935.99
2040401,行政运行,82,辽宁省大连市城郊地区人民检察院,0,186050.45,369460.36
2040402,一般行政管理事务,13,辽宁省大连市人民检察院,0,3168695.22,3168695.22
2040402,一般行政管理事务,82,辽宁省大连市城郊地区人民检察院,0,137484.31,137484.31
2040404,查办和预防职务犯罪,13,辽宁省大连市人民检察院,0,104076,104076
2040450,事业运行,13,辽宁省大连市人民检察院,0,163382.87,363382.87
2040499,其他检察支出,13,辽宁省大连市人民检察院,0,338240.77,338240.77
2040501,行政运行,14,大连市中级人民法院,0,3586810.43,5096840.64
2040502,一般行政管理事务,14,大连市中级人民法院,0,1321741.53,1773412.7
2040550,事业运行,14,大连市中级人民法院,0,399014.33,778871.17
2040599,其他法院支出,14,大连市中级人民法院,0,0,599999.89
2040601,行政运行,16,大连市司法局,0,468321.1,1232710.49
2040602,一般行政管理事务,16,大连市司法局,0,221414.54,223666.54
2040604,基层司法业务,16,大连市司法局,0,28070,28070
2040606,律师公证管理,16,大连市司法局,0,632884.73,1641449.15
2040609,仲裁,84,大连仲裁委员会办公室,0,808152.27,1119353.91
2040650,事业运行,16,大连市司法局,0,270260.08,2151329.35
2040701,行政运行,16,大连市司法局,0,2498854.19,4814052.66
2040704,犯人生活,16,大连市司法局,0,681442.19,983709.69
2040705,犯人改造,16,大连市司法局,0,91944.4,91944.4
2040706,狱政设施建设,16,大连市司法局,0,836510,936510
2040799,其他监狱支出,16,大连市司法局,0,73964,73964
2040801,行政运行,16,大连市司法局,0,2668612.1,4679238.78
2040804,劳教人员生活,16,大连市司法局,0,513908.1,513908.1
2040805,劳教人员教育,16,大连市司法局,0,64947,64947
2050101,行政运行,9,大连市教育局,0,529306.53,1188021.57
2050102,一般行政管理事务,9,大连市教育局,0,6000,6000
2050201,学前教育,32,大连市服务业委员会,0,272147.86,723297.53
2050201,学前教育,58,大连市妇女联合会,0,538544.79,2296049.65
2050202,小学教育,9,大连市教育局,0,398474.62,1217840.45
2050203,初中教育,9,大连市教育局,0,281064.98,657421.41
2050203,初中教育,70,大连教育学院,0,13132.33,829834.47
2050204,高中教育,9,大连市教育局,0,12669884.31,33921479.2
2050205,高等教育,68,大连大学,0,13859557.5,32175387.39
2050302,中专教育,9,大连市教育局,0,5131028.94,13192089.62
2050302,中专教育,20,大连市国土资源和房屋局,0,645668.24,1518619.1
2050302,中专教育,21,大连市城乡建设委员会,0,1447689.82,2619719.99
2050302,中专教育,25,大连市交通局,0,870,9096
2050302,中专教育,27,大连市农村经济委员会,0,0,30134.06
2050302,中专教育,30,大连市海洋与渔业局,0,782684.29,2022603.38
2050302,中专教育,32,大连市服务业委员会,0,2838390.75,7385090.59
2050302,中专教育,33,大连市文化广播影视局,0,555785.63,1115337.52
2050302,中专教育,40,大连市体育局,0,551654.31,1074033.26
2050302,中专教育,68,大连大学,0,1084575.08,2536192.87
2050303,技校教育,8,大连市经济和信息化委员会,0,837956.68,2252628.08
2050303,技校教育,19,大连市人力资源和社会保障局,0,1329105.17,2983783.23
2050303,技校教育,25,大连市交通局,0,757945.42,1755438.91
2050303,技校教育,27,大连市农村经济委员会,0,524114.21,879991.65
2050304,职业高中教育,9,大连市教育局,0,4392369.15,12170949.09
2050304,职业高中教育,68,大连大学,0,105734.25,136643.93
2050305,高等职业教育,69,大连职业技术学院,0,5707967.35,13597419.81
2050403,成人高等教育,32,大连市服务业委员会,0,647369.11,1539224.79
2050404,成人广播电视教育,9,大连市教育局,0,57358.61,168558.61
2050501,广播电视学校,71,大连广播电视大学,0,1129171.04,2278094.78
2050701,特殊学校教育,9,大连市教育局,0,1065692.9,2722084.16
2050702,工读学校教育,9,大连市教育局,0,391607.01,976055.67
2050801,教师进修,70,大连教育学院,0,501610.47,6178779.45
2050802,干部教育,67,中国共产党大连市委员会党校,0,1288746.54,3095143.14
2050904,城市中小学教学设施,9,大连市教育局,0,0,1639296.25
2050999,其他教育费附加安排的支出,9,大连市教育局,0,114382,580801.7
2050999,其他教育费附加安排的支出,19,大连市人力资源和社会保障局,0,32921.3,40091.3
2050999,其他教育费附加安排的支出,25,大连市交通局,0,0,31388
2050999,其他教育费附加安排的支出,32,大连市服务业委员会,0,1480,13572.3
2050999,其他教育费附加安排的支出,69,大连职业技术学院,0,0,2400
2059999,其他教育支出,9,大连市教育局,0,908576.33,2150868.49
2059999,其他教育支出,15,大连市民政局,0,18000,30228.1
2059999,其他教育支出,17,大连市财政局,0,56615.7,216937.93
2059999,其他教育支出,19,大连市人力资源和社会保障局,0,807328.42,36093673.19
2059999,其他教育支出,25,大连市交通局,0,50000,50000
2059999,其他教育支出,32,大连市服务业委员会,0,2961.5,2961.5
2059999,其他教育支出,59,中国共产主义青年团大连市委员会,0,1129025.93,2527684.66
2060101,行政运行,10,大连市科学技术局,0,360971.22,542485.5
2060101,行政运行,64,大连市科学技术协会,0,195860.38,350139.61
2060101,行政运行,85,大连市人民政府发展研究中心,0,434383,785298.11
2060102,一般行政管理事务,10,大连市科学技术局,0,109500,119045
2060102,一般行政管理事务,64,大连市科学技术协会,0,12539.08,12539.08
2060102,一般行政管理事务,85,大连市人民政府发展研究中心,0,67234.14,67234.14
2060301,机构运行,10,大连市科学技术局,0,1410132.45,3274014.78
2060301,机构运行,29,大连市林业局,0,341559.82,786724.95
2060301,机构运行,30,大连市海洋与渔业局,0,332649.88,776340.08
2060301,机构运行,34,大连市卫生和计划生育委员会,0,179385.31,369685.04
2060301,机构运行,39,大连市环境保护局,0,409489.85,923048.61
2060402,应用技术研究与开发,10,大连市科学技术局,0,1057429,1522429
2060403,产业技术研究与开发,8,大连市经济和信息化委员会,0,0,397385500
2060501,机构运行,10,大连市科学技术局,0,633175.38,1155687.13
2060702,科普活动,64,大连市科学技术协会,0,280,280
2060704,学术交流活动,64,大连市科学技术协会,0,160,160
2060705,科技馆站,64,大连市科学技术协会,0,300623.99,720668.5
2060799,其他科学技术普及支出,64,大连市科学技术协会,0,109040.7,243425.4
2060801,国际交流与合作,10,大连市科学技术局,0,123933.54,282273.95
2069999,其他科学技术支出,64,大连市科学技术协会,0,44045.63,96425.39
2070101,行政运行,33,大连市文化广播影视局,0,965761,1416002.58
2070101,行政运行,63,大连市文学艺术界联合会,0,45405.73,164896.38
2070104,图书馆,33,大连市文化广播影视局,0,2490499.59,4030890.61
2070105,文化展示及纪念机构,33,大连市文化广播影视局,0,67238.3,125477.2
2070107,艺术表演团体,33,大连市文化广播影视局,0,1046161.51,1702378.13
2070108,文化活动,62,大连市残疾人联合会,0,2200,2200
2070109,群众文化,33,大连市文化广播影视局,0,611662.4,1204773.38
2070111,文化创作与保护,33,大连市文化广播影视局,0,105217.56,221195.37
2070112,文化市场管理,33,大连市文化广播影视局,0,775,775
2070199,其他文化支出,33,大连市文化广播影视局,0,190896.55,412438.76
2070199,其他文化支出,63,大连市文学艺术界联合会,0,42988.1,83126.57
2070204,文物保护,33,大连市文化广播影视局,0,305175.91,503620.06
2070205,博物馆,10,大连市科学技术局,0,659957.1,1310221.84
2070205,博物馆,33,大连市文化广播影视局,0,1884202.11,3145440.78
2070301,行政运行,40,大连市体育局,0,200818.98,360122.6
2070302,一般行政管理事务,40,大连市体育局,0,11574,11574
2070304,运动项目管理,40,大连市体育局,0,1747258.82,3382705.32
2070306,体育训练,62,大连市残疾人联合会,0,95591,95591
2070307,体育场馆,40,大连市体育局,0,445902.15,729322.63
2070308,群众体育,40,大连市体育局,0,545405.54,1145761.87
2070399,其他体育支出,40,大连市体育局,0,56179.93,116053.6
2070404,广播,111,大连市广播电视台,0,816738.63,1474497.83
2070405,电视,111,大连市广播电视台,0,1250838.98,2187875.54
2070499,其他广播影视支出,111,大连市广播电视台,0,5228000,5228000
2079999,其他文化体育与传媒支出,1,中共大连市委办公厅,0,10572.4,160072.4
2079999,其他文化体育与传媒支出,63,大连市文学艺术界联合会,0,8195,8695
2080101,行政运行,19,大连市人力资源和社会保障局,0,6788264.72,13250401.86
2080101,行政运行,21,大连市城乡建设委员会,0,267108.94,458587.3
2080102,一般行政管理事务,19,大连市人力资源和社会保障局,0,384690,384690
2080109,社会保险经办机构,19,大连市人力资源和社会保障局,0,910578.28,1204619.41
2080111,公共就业服务和职业技能鉴定机构,19,大连市人力资源和社会保障局,0,569421.28,1124386.62
2080201,行政运行,15,大连市民政局,0,814752.26,1785473.44
2080202,一般行政管理事务,15,大连市民政局,0,340,340
2080209,部队供应,15,大连市民政局,0,71050.41,150799.6
2080299,其他民政管理事务支出,15,大连市民政局,0,501931.05,983478.09
2080501,行政单位离退休,1,中共大连市委办公厅,0,0,154375.92
2080501,行政单位离退休,8,大连市经济和信息化委员会,0,31852.61,356661.22
2080501,行政单位离退休,9,大连市教育局,0,10594.79,19703.25
2080501,行政单位离退休,11,大连市公安局,0,0,16705
2080501,行政单位离退休,13,辽宁省大连市人民检察院,0,0,116342
2080501,行政单位离退休,14,大连市中级人民法院,0,0,51780
2080501,行政单位离退休,15,大连市民政局,0,27876.53,55753.06
2080501,行政单位离退休,17,大连市财政局,0,14370.61,45748.22
2080501,行政单位离退休,19,大连市人力资源和社会保障局,0,367805.49,736625.19
2080501,行政单位离退休,20,大连市国土资源和房屋局,0,183263.38,377960.45
2080501,行政单位离退休,21,大连市城乡建设委员会,0,87537.01,165614.02
2080501,行政单位离退休,22,大连市规划局,0,7287,7287
2080501,行政单位离退休,23,大连市城市建设管理局,0,38387.38,50391.76
2080501,行政单位离退休,25,大连市交通局,0,170520.65,378191.22
2080501,行政单位离退休,27,大连市农村经济委员会,0,36486.6,70224.61
2080501,行政单位离退休,28,大连市水务局,0,38088.86,76177.72
2080501,行政单位离退休,29,大连市林业局,0,7100.87,14201.74
2080501,行政单位离退休,30,大连市海洋与渔业局,0,39989.62,70579.24
2080501,行政单位离退休,31,大连市对外贸易经济合作局,0,30294.05,60428.85
2080501,行政单位离退休,33,大连市文化广播影视局,0,19139.45,38278.9
2080501,行政单位离退休,34,大连市卫生和计划生育委员会,0,7973.05,15946.1
2080501,行政单位离退休,37,大连市地方税务局,0,402877.15,819553.42
2080501,行政单位离退休,38,大连市质量技术监督局,0,28308.2,56616.4
2080501,行政单位离退休,39,大连市环境保护局,0,82544.22,167366.44
2080501,行政单位离退休,41,大连市统计局,0,181194,181194
2080501,行政单位离退休,42,大连市食品药品监督管理局,0,24152.35,58386.95
2080501,行政单位离退休,43,大连市安全生产监督管理局,0,10151.91,20303.82
2080501,行政单位离退休,44,大连市外事（侨务）办公室,0,9131.87,18263.74
2080501,行政单位离退休,45,大连市金融发展局,0,796.27,1593.27
2080501,行政单位离退休,48,大连市港口与口岸局,0,38184.91,76369.82
2080501,行政单位离退休,49,中国共产党大连市委员会老干部局,0,17546.28,35092.56
2080501,行政单位离退休,51,大连市供销合作社联合社,0,9893.75,20150.5
2080501,行政单位离退休,52,大连市工商行政管理局,0,44885.03,73185.03
2080501,行政单位离退休,58,大连市妇女联合会,0,12300,12300
2080501,行政单位离退休,61,大连市总工会,0,39309.6,44745.2
2080501,行政单位离退休,63,大连市文学艺术界联合会,0,0,7380.14
2080501,行政单位离退休,67,中国共产党大连市委员会党校,0,128500,257000
2080501,行政单位离退休,74,大连市人民防空办公室,0,6850,13700
2080501,行政单位离退休,84,大连仲裁委员会办公室,0,6851.13,13702.26
2080501,行政单位离退休,85,大连市人民政府发展研究中心,0,53250.68,94513.68
2080501,行政单位离退休,109,大连市土地储备中心,0,29914.99,59829.98
2080501,行政单位离退休,110,大连市物价局,0,23020.04,48893.08
2080501,行政单位离退休,213,大连市城市管理行政执法局,0,16312.96,46436.39
2080503,离退休人员管理机构,49,中国共产党大连市委员会老干部局,0,987196.89,1869261.85
2080505,机关事业单位基本养老保险缴费支出,1,中共大连市委办公厅,0,938758.4,1868132.4
2080505,机关事业单位基本养老保险缴费支出,2,大连市人民代表大会常务委员会办公厅,0,240675.4,481713.2
2080505,机关事业单位基本养老保险缴费支出,3,中国人民政治协商会议辽宁省大连市委员会办公厅,0,167918.5,369000
2080505,机关事业单位基本养老保险缴费支出,4,中国共产党大连市纪律检查委员会办公厅,0,235859.4,477278
2080505,机关事业单位基本养老保险缴费支出,5,大连市人民政府办公厅,0,1453489.53,2788787.12
2080505,机关事业单位基本养老保险缴费支出,6,大连市人民政府国有资产监督管理委员会,0,138278.6,302155.8
2080505,机关事业单位基本养老保险缴费支出,7,大连市发展和改革委员会,0,48029.7,74659.4
2080505,机关事业单位基本养老保险缴费支出,8,大连市经济和信息化委员会,0,605787.2,1223161.4
2080505,机关事业单位基本养老保险缴费支出,9,大连市教育局,0,4755914.01,9473964.4
2080505,机关事业单位基本养老保险缴费支出,10,大连市科学技术局,0,462266.99,964123.38
2080505,机关事业单位基本养老保险缴费支出,11,大连市公安局,0,5204233.08,20504780.52
2080505,机关事业单位基本养老保险缴费支出,13,辽宁省大连市人民检察院,0,538492.2,1062355.8
2080505,机关事业单位基本养老保险缴费支出,14,大连市中级人民法院,0,608083,1219418.8
2080505,机关事业单位基本养老保险缴费支出,15,大连市民政局,0,686228.7,1371023.9
2080505,机关事业单位基本养老保险缴费支出,16,大连市司法局,0,854302.53,1710627.66
2080505,机关事业单位基本养老保险缴费支出,17,大连市财政局,0,459999.6,890075.07
2080505,机关事业单位基本养老保险缴费支出,18,大连市机关事业单位工资统发管理办公室,0,0,12000
2080505,机关事业单位基本养老保险缴费支出,19,大连市人力资源和社会保障局,0,1476323.02,3096527.13
2080505,机关事业单位基本养老保险缴费支出,20,大连市国土资源和房屋局,0,773641,1770406.6
2080505,机关事业单位基本养老保险缴费支出,21,大连市城乡建设委员会,0,524514.12,958678
2080505,机关事业单位基本养老保险缴费支出,22,大连市规划局,0,207306.4,416612.8
2080505,机关事业单位基本养老保险缴费支出,23,大连市城市建设管理局,0,123949,247898
2080505,机关事业单位基本养老保险缴费支出,25,大连市交通局,0,722853.52,1213795.12
2080505,机关事业单位基本养老保险缴费支出,27,大连市农村经济委员会,0,627855.3,1048494.11
2080505,机关事业单位基本养老保险缴费支出,28,大连市水务局,0,352145.66,680459.01
2080505,机关事业单位基本养老保险缴费支出,29,大连市林业局,0,183198.6,366397.2
2080505,机关事业单位基本养老保险缴费支出,30,大连市海洋与渔业局,0,605288.03,1200170.44
2080505,机关事业单位基本养老保险缴费支出,31,大连市对外贸易经济合作局,0,193123.4,377468.6
2080505,机关事业单位基本养老保险缴费支出,32,大连市服务业委员会,0,547221,1371263
2080505,机关事业单位基本养老保险缴费支出,33,大连市文化广播影视局,0,1132614.13,1984845.19
2080505,机关事业单位基本养老保险缴费支出,34,大连市卫生和计划生育委员会,0,7680439.15,11409362.24
2080505,机关事业单位基本养老保险缴费支出,36,大连市审计局,0,235000,470000
2080505,机关事业单位基本养老保险缴费支出,37,大连市地方税务局,0,2716625.35,5221087.75
2080505,机关事业单位基本养老保险缴费支出,38,大连市质量技术监督局,0,887231.44,1705729.36
2080505,机关事业单位基本养老保险缴费支出,39,大连市环境保护局,0,888382.45,1816388.9
2080505,机关事业单位基本养老保险缴费支出,40,大连市体育局,0,574664,1238329.88
2080505,机关事业单位基本养老保险缴费支出,41,大连市统计局,0,154411.4,308560.65
2080505,机关事业单位基本养老保险缴费支出,42,大连市食品药品监督管理局,0,422043.4,855489.4
2080505,机关事业单位基本养老保险缴费支出,43,大连市安全生产监督管理局,0,194725.2,389334
2080505,机关事业单位基本养老保险缴费支出,44,大连市外事（侨务）办公室,0,62087.2,62087.2
2080505,机关事业单位基本养老保险缴费支出,45,大连市金融发展局,0,76047.2,154555.8
2080505,机关事业单位基本养老保险缴费支出,48,大连市港口与口岸局,0,174851.84,273868.64
2080505,机关事业单位基本养老保险缴费支出,49,中国共产党大连市委员会老干部局,0,106617.2,214541
2080505,机关事业单位基本养老保险缴费支出,50,大连市旅游局,0,71738,159315.29
2080505,机关事业单位基本养老保险缴费支出,51,大连市供销合作社联合社,0,75386,150772
2080505,机关事业单位基本养老保险缴费支出,52,大连市工商行政管理局,0,454905.2,897044.2
2080505,机关事业单位基本养老保险缴费支出,54,大连市档案局,0,200000,200000
2080505,机关事业单位基本养老保险缴费支出,55,大连市地震局,0,54981.76,116539.8
2080505,机关事业单位基本养老保险缴费支出,57,大连市民主党派行政事务管理办公室,0,157023.4,314046.8
2080505,机关事业单位基本养老保险缴费支出,58,大连市妇女联合会,0,139323.6,277423.6
2080505,机关事业单位基本养老保险缴费支出,59,中国共产主义青年团大连市委员会,0,230721,461210.4
2080505,机关事业单位基本养老保险缴费支出,60,大连市工商业联合会,0,59985.6,119971.2
2080505,机关事业单位基本养老保险缴费支出,61,大连市总工会,0,54500,109000
2080505,机关事业单位基本养老保险缴费支出,62,大连市残疾人联合会,0,168095.4,382190.8
2080505,机关事业单位基本养老保险缴费支出,63,大连市文学艺术界联合会,0,32248.81,64497.62
2080505,机关事业单位基本养老保险缴费支出,64,大连市科学技术协会,0,73608.2,148485.2
2080505,机关事业单位基本养老保险缴费支出,65,中国国际贸易促进委员会大连分会,0,62416,128285.4
2080505,机关事业单位基本养老保险缴费支出,66,大连市接待办公室,0,37037.2,83888.02
2080505,机关事业单位基本养老保险缴费支出,67,中国共产党大连市委员会党校,0,249000,498000
2080505,机关事业单位基本养老保险缴费支出,68,大连大学,0,5520701.03,11092124.36
2080505,机关事业单位基本养老保险缴费支出,69,大连职业技术学院,0,1057530.8,2118221.8
2080505,机关事业单位基本养老保险缴费支出,70,大连教育学院,0,438490.4,1012072.8
2080505,机关事业单位基本养老保险缴费支出,71,大连广播电视大学,0,232900,465800
2080505,机关事业单位基本养老保险缴费支出,72,大连市红十字会,0,24485.2,48970.4
2080505,机关事业单位基本养老保险缴费支出,74,大连市人民防空办公室,0,210679.74,350713.94
2080505,机关事业单位基本养老保险缴费支出,80,大连市专用通信局,0,45888.4,88000
2080505,机关事业单位基本养老保险缴费支出,82,辽宁省大连市城郊地区人民检察院,0,48733.2,97466.4
2080505,机关事业单位基本养老保险缴费支出,84,大连仲裁委员会办公室,0,41425.6,82851.2
2080505,机关事业单位基本养老保险缴费支出,85,大连市人民政府发展研究中心,0,60000,120000
2080505,机关事业单位基本养老保险缴费支出,88,大连市轨道交通建设管理办公室,0,21832.6,46126.6
2080505,机关事业单位基本养老保险缴费支出,89,大连新机场沿岸商务区开发建设管理办公室,0,0,13000
2080505,机关事业单位基本养老保险缴费支出,96,大连市邮政管理局,0,2221.2,4442.4
2080505,机关事业单位基本养老保险缴费支出,97,大连市星海湾开发建设管理中心,0,133733.6,267467.2
2080505,机关事业单位基本养老保险缴费支出,109,大连市土地储备中心,0,60000,157163.79
2080505,机关事业单位基本养老保险缴费支出,110,大连市物价局,0,103204.8,211324
2080505,机关事业单位基本养老保险缴费支出,111,大连市广播电视台,0,237641.77,500592
2080505,机关事业单位基本养老保险缴费支出,113,大连钻石海湾规划建设领导小组办公室,0,24802.4,49604.8
2080505,机关事业单位基本养老保险缴费支出,114,大连市公安局交通警察支队,0,1605813,3215593.8
2080505,机关事业单位基本养老保险缴费支出,118,大连市公共行政服务中心,0,92501.21,92501.21
2080704,社会保险补贴,19,大连市人力资源和社会保障局,0,3756146.32,7430126.8
2080705,公益性岗位补贴,19,大连市人力资源和社会保障局,0,6398335.85,12826005.3
2080804,优抚事业单位,15,大连市民政局,0,213903.12,403007.17
2081004,殡葬,15,大连市民政局,0,286356.87,458265.67
2081005,社会福利事业单位,15,大连市民政局,0,2457703.68,4582282.91
2081005,社会福利事业单位,61,大连市总工会,0,488166.47,760695.09
2081099,其他社会福利支出,15,大连市民政局,0,900,900
2081101,行政运行,62,大连市残疾人联合会,0,203729.44,499262.58
2081104,残疾人康复,62,大连市残疾人联合会,0,443676.2,734805.03
2081105,残疾人就业和扶贫,62,大连市残疾人联合会,0,854827.55,1402689.56
2081199,其他残疾人事业支出,34,大连市卫生和计划生育委员会,0,99707.7,117248.2
2081199,其他残疾人事业支出,62,大连市残疾人联合会,0,493571.61,4786078.29
2081601,行政运行,72,大连市红十字会,0,68376.12,158360.18
2081602,一般行政管理事务,72,大连市红十字会,0,216,216
2082001,临时救助支出,6,大连市人民政府国有资产监督管理委员会,0,452800,6500000
2082001,临时救助支出,8,大连市经济和信息化委员会,0,106400,5100800
2082202,基础设施建设和经济发展,28,大连市水务局,0,0,1728
2089901,其他社会保障和就业支出,19,大连市人力资源和社会保障局,0,91915,512305
2100101,行政运行,34,大连市卫生和计划生育委员会,0,1429856.68,2720598.67
2100199,其他医疗卫生与计划生育管理事务支出,34,大连市卫生和计划生育委员会,0,583361.87,708072.16
2100199,其他医疗卫生与计划生育管理事务支出,68,大连大学,0,0,270000
2100201,综合医院,34,大连市卫生和计划生育委员会,0,6784152.51,18962861.17
2100202,中医（民族）医院,34,大连市卫生和计划生育委员会,0,2100000,4200000
2100203,传染病医院,34,大连市卫生和计划生育委员会,0,3942712.53,9589536.26
2100204,职业病防治医院,34,大连市卫生和计划生育委员会,0,4471071.85,9224771.85
2100205,精神病医院,34,大连市卫生和计划生育委员会,0,1633606.56,3233555.61
2100206,妇产医院,34,大连市卫生和计划生育委员会,0,3557500,6525000
2100207,儿童医院,34,大连市卫生和计划生育委员会,0,3583975,11513086
2100208,其他专科医院,34,大连市卫生和计划生育委员会,0,2514917.81,3664423.81
2100210,行业医院,68,大连大学,0,12906737.89,22628825.36
2100299,其他公立医院支出,34,大连市卫生和计划生育委员会,0,245050.1,1376637.5
2100299,其他公立医院支出,68,大连大学,0,1440,628850
2100401,疾病预防控制机构,34,大连市卫生和计划生育委员会,0,2441503.03,4308171.1
2100403,妇幼保健机构,34,大连市卫生和计划生育委员会,0,2896214,5766214
2100405,应急救治机构,34,大连市卫生和计划生育委员会,0,1227523.88,2228047.41
2100407,其他专业卫生机构,34,大连市卫生和计划生育委员会,0,661627.58,1033496.84
2100409,重大公共卫生专项,34,大连市卫生和计划生育委员会,0,773931.45,1076753.55
2100409,重大公共卫生专项,42,大连市食品药品监督管理局,0,357140.51,460420.8
2100410,突发公共卫生事件应急处理,34,大连市卫生和计划生育委员会,0,802,802
2100601,中医（民族医）药专项,34,大连市卫生和计划生育委员会,0,38266.44,38266.44
2100716,计划生育机构,34,大连市卫生和计划生育委员会,0,232585.51,655091.29
2100717,计划生育服务,34,大连市卫生和计划生育委员会,0,45852.33,47253.88
2101001,行政运行,42,大连市食品药品监督管理局,0,581905.49,2070710.58
2101012,药品事务,42,大连市食品药品监督管理局,0,138464.62,243464.62
2101016,食品安全事务,34,大连市卫生和计划生育委员会,0,34260,34260
2101016,食品安全事务,42,大连市食品药品监督管理局,0,734672.59,2234353.36
2101050,事业运行,42,大连市食品药品监督管理局,0,1589986.76,3121366.93
2101101,行政单位医疗,1,中共大连市委办公厅,0,669786,1332533.7
2101101,行政单位医疗,2,大连市人民代表大会常务委员会办公厅,0,176529.9,353331.6
2101101,行政单位医疗,3,中国人民政治协商会议辽宁省大连市委员会办公厅,0,110000,260000
2101101,行政单位医疗,4,中国共产党大连市纪律检查委员会办公厅,0,150785.4,329105.1
2101101,行政单位医疗,5,大连市人民政府办公厅,0,1024417.59,2283953.68
2101101,行政单位医疗,6,大连市人民政府国有资产监督管理委员会,0,55311.44,120862.32
2101101,行政单位医疗,7,大连市发展和改革委员会,0,7400,14800
2101101,行政单位医疗,8,大连市经济和信息化委员会,0,314878.8,627828.3
2101101,行政单位医疗,9,大连市教育局,0,136420.35,319439.85
2101101,行政单位医疗,10,大连市科学技术局,0,71041.95,142083.9
2101101,行政单位医疗,11,大连市公安局,0,6490475.59,18065277.62
2101101,行政单位医疗,13,辽宁省大连市人民检察院,0,413380.8,815790.15
2101101,行政单位医疗,14,大连市中级人民法院,0,403107.45,808654.5
2101101,行政单位医疗,15,大连市民政局,0,150630.48,298480.18
2101101,行政单位医疗,16,大连市司法局,0,1736201.63,2695394.48
2101101,行政单位医疗,17,大连市财政局,0,250048.05,494803.23
2101101,行政单位医疗,18,大连市机关事业单位工资统发管理办公室,0,20000,20000
2101101,行政单位医疗,19,大连市人力资源和社会保障局,0,7653828.6,14517344.89
2101101,行政单位医疗,20,大连市国土资源和房屋局,0,423982.5,946280.25
2101101,行政单位医疗,21,大连市城乡建设委员会,0,185384.26,369053.22
2101101,行政单位医疗,22,大连市规划局,0,141589.25,284178.5
2101101,行政单位医疗,23,大连市城市建设管理局,0,92961.75,185923.5
2101101,行政单位医疗,25,大连市交通局,0,391594.02,743576.19
2101101,行政单位医疗,27,大连市农村经济委员会,0,226944.39,456043.79
2101101,行政单位医疗,28,大连市水务局,0,200957.4,403621.95
2101101,行政单位医疗,29,大连市林业局,0,104247,208494
2101101,行政单位医疗,30,大连市海洋与渔业局,0,104351.54,208727.4
2101101,行政单位医疗,31,大连市对外贸易经济合作局,0,122524.4,241948.4
2101101,行政单位医疗,32,大连市服务业委员会,0,111036.3,270699.9
2101101,行政单位医疗,33,大连市文化广播影视局,0,124357.13,238544.33
2101101,行政单位医疗,34,大连市卫生和计划生育委员会,0,211214.4,420302.4
2101101,行政单位医疗,36,大连市审计局,0,160000,320000
2101101,行政单位医疗,37,大连市地方税务局,0,2367798.41,4685801.65
2101101,行政单位医疗,38,大连市质量技术监督局,0,123209.08,246418.16
2101101,行政单位医疗,39,大连市环境保护局,0,387225.73,814818.11
2101101,行政单位医疗,40,大连市体育局,0,47759.1,95518.2
2101101,行政单位医疗,41,大连市统计局,0,115808.55,228320.1
2101101,行政单位医疗,42,大连市食品药品监督管理局,0,170312.91,340269.03
2101101,行政单位医疗,43,大连市安全生产监督管理局,0,122205.6,244411.2
2101101,行政单位医疗,44,大连市外事（侨务）办公室,0,46565.4,46565.4
2101101,行政单位医疗,45,大连市金融发展局,0,65020.44,123901.89
2101101,行政单位医疗,48,大连市港口与口岸局,0,203657.1,368765.7
2101101,行政单位医疗,49,中国共产党大连市委员会老干部局,0,79962.9,160905.75
2101101,行政单位医疗,50,大连市旅游局,0,53803.5,106183.05
2101101,行政单位医疗,51,大连市供销合作社联合社,0,56539.5,113079
2101101,行政单位医疗,52,大连市工商行政管理局,0,291014.85,572455.05
2101101,行政单位医疗,54,大连市档案局,0,150000,150000
2101101,行政单位医疗,55,大连市地震局,0,23280.15,46560.3
2101101,行政单位医疗,57,大连市民主党派行政事务管理办公室,0,117767.55,235535.1
2101101,行政单位医疗,58,大连市妇女联合会,0,37508.8,75028.4
2101101,行政单位医疗,59,中国共产主义青年团大连市委员会,0,63868.37,131063.42
2101101,行政单位医疗,60,大连市工商业联合会,0,44989.2,89978.4
2101101,行政单位医疗,62,大连市残疾人联合会,0,58000,116000
2101101,行政单位医疗,63,大连市文学艺术界联合会,0,18785.25,37570.5
2101101,行政单位医疗,64,大连市科学技术协会,0,32637.6,65275.2
2101101,行政单位医疗,65,中国国际贸易促进委员会大连分会,0,38619.75,79829.55
2101101,行政单位医疗,66,大连市接待办公室,0,27777.9,52760.85
2101101,行政单位医疗,67,中国共产党大连市委员会党校,0,109000,218000
2101101,行政单位医疗,72,大连市红十字会,0,18363.9,36727.8
2101101,行政单位医疗,74,大连市人民防空办公室,0,36215.1,72430.2
2101101,行政单位医疗,82,辽宁省大连市城郊地区人民检察院,0,36549.9,73099.8
2101101,行政单位医疗,84,大连仲裁委员会办公室,0,31069.2,62138.4
2101101,行政单位医疗,85,大连市人民政府发展研究中心,0,46000,92000
2101101,行政单位医疗,88,大连市轨道交通建设管理办公室,0,8733.04,18450.64
2101101,行政单位医疗,98,大连市创业促进委员会办公室,0,57317.97,57317.97
2101101,行政单位医疗,109,大连市土地储备中心,0,30000,110000
2101101,行政单位医疗,110,大连市物价局,0,104894.93,209789.86
2101101,行政单位医疗,113,大连钻石海湾规划建设领导小组办公室,0,18601.8,37203.6
2101101,行政单位医疗,114,大连市公安局交通警察支队,0,1204359.75,2411695.35
2101101,行政单位医疗,118,大连市公共行政服务中心,0,92501.21,92501.21
2101101,行政单位医疗,213,大连市城市管理行政执法局,0,88258.35,182349.6
2101102,事业单位医疗,1,中共大连市委办公厅,0,34282.8,68565.6
2101102,事业单位医疗,2,大连市人民代表大会常务委员会办公厅,0,3976.65,7953.3
2101102,事业单位医疗,3,中国人民政治协商会议辽宁省大连市委员会办公厅,0,2000,15000
2101102,事业单位医疗,4,中国共产党大连市纪律检查委员会办公厅,0,26109.15,28853.4
2101102,事业单位医疗,5,大连市人民政府办公厅,0,42199.11,91981.36
2101102,事业单位医疗,7,大连市发展和改革委员会,0,26705.8,53411.6
2101102,事业单位医疗,8,大连市经济和信息化委员会,0,193270.2,387803.4
2101102,事业单位医疗,9,大连市教育局,0,3498598.03,7020330.81
2101102,事业单位医疗,10,大连市科学技术局,0,292868.85,585737.7
2101102,事业单位医疗,11,大连市公安局,0,11853.02,1270071.19
2101102,事业单位医疗,13,辽宁省大连市人民检察院,0,19006.05,38012.1
2101102,事业单位医疗,14,大连市中级人民法院,0,52954.8,105909.6
2101102,事业单位医疗,15,大连市民政局,0,354395.84,716813.48
2101102,事业单位医疗,16,大连市司法局,0,50918.7,101837.4
2101102,事业单位医疗,17,大连市财政局,0,67441.05,135815.23
2101102,事业单位医疗,19,大连市人力资源和社会保障局,0,252686.19,507304.51
2101102,事业单位医疗,20,大连市国土资源和房屋局,0,165972.45,327896.75
2101102,事业单位医疗,21,大连市城乡建设委员会,0,228078.7,383878.7
2101102,事业单位医疗,22,大连市规划局,0,3583.84,7167.68
2101102,事业单位医疗,25,大连市交通局,0,110000,220000
2101102,事业单位医疗,27,大连市农村经济委员会,0,206374.65,413557.2
2101102,事业单位医疗,28,大连市水务局,0,54275.48,108286.78
2101102,事业单位医疗,29,大连市林业局,0,14956.35,29912.7
2101102,事业单位医疗,30,大连市海洋与渔业局,0,198394,397873.35
2101102,事业单位医疗,31,大连市对外贸易经济合作局,0,67397.08,115781.61
2101102,事业单位医疗,32,大连市服务业委员会,0,280633.19,721703.09
2101102,事业单位医疗,33,大连市文化广播影视局,0,612456.9,1099268.6
2101102,事业单位医疗,34,大连市卫生和计划生育委员会,0,2528622.45,4768614.35
2101102,事业单位医疗,36,大连市审计局,0,10000,20000
2101102,事业单位医疗,37,大连市地方税务局,0,18465.15,36930.3
2101102,事业单位医疗,38,大连市质量技术监督局,0,203630.72,471560.8
2101102,事业单位医疗,39,大连市环境保护局,0,317425.6,576116.8
2101102,事业单位医疗,40,大连市体育局,0,374362.51,743813.37
2101102,事业单位医疗,42,大连市食品药品监督管理局,0,166442.25,332884.5
2101102,事业单位医疗,43,大连市安全生产监督管理局,0,23838.3,47539.3
2101102,事业单位医疗,50,大连市旅游局,0,23000,33000
2101102,事业单位医疗,52,大连市工商行政管理局,0,50164.05,100328.1
2101102,事业单位医疗,55,大连市地震局,0,15217.05,30434.1
2101102,事业单位医疗,58,大连市妇女联合会,0,35484.96,70969.92
2101102,事业单位医疗,59,中国共产主义青年团大连市委员会,0,127474.3,212785.4
2101102,事业单位医疗,61,大连市总工会,0,41000,82000
2101102,事业单位医疗,62,大连市残疾人联合会,0,103071.55,206143.1
2101102,事业单位医疗,63,大连市文学艺术界联合会,0,4636.35,9272.7
2101102,事业单位医疗,64,大连市科学技术协会,0,29447.88,59403.28
2101102,事业单位医疗,65,中国国际贸易促进委员会大连分会,0,8192.25,16384.5
2101102,事业单位医疗,67,中国共产党大连市委员会党校,0,78000,156000
2101102,事业单位医疗,68,大连大学,0,1921709.25,5581159.45
2101102,事业单位医疗,69,大连职业技术学院,0,793148.1,1588666.35
2101102,事业单位医疗,70,大连教育学院,0,328867.8,759054.6
2101102,事业单位医疗,71,大连广播电视大学,0,174700,349400
2101102,事业单位医疗,74,大连市人民防空办公室,0,105631.35,183133.45
2101102,事业单位医疗,80,大连市专用通信局,0,31583.7,63167.4
2101102,事业单位医疗,89,大连新机场沿岸商务区开发建设管理办公室,0,0,10000
2101102,事业单位医疗,96,大连市邮政管理局,0,888.48,1776.96
2101102,事业单位医疗,97,大连市星海湾开发建设管理中心,0,39513.97,93015.41
2101102,事业单位医疗,111,大连市广播电视台,0,150617.86,303004.36
2101102,事业单位医疗,114,大连市公安局交通警察支队,0,38163.2,74139.68
2109901,其他医疗卫生与计划生育支出,34,大连市卫生和计划生育委员会,0,2476269.25,4835487.43
2109901,其他医疗卫生与计划生育支出,68,大连大学,0,150467.39,371482.39
2110101,行政运行,39,大连市环境保护局,0,3115537.19,6503162.3
2110104,环境保护宣传,39,大连市环境保护局,0,104478.54,250515.98
2110199,其他环境保护管理事务支出,39,大连市环境保护局,0,320185.42,675766.12
2110203,建设项目环评审查与监督,39,大连市环境保护局,0,92710.14,127941.14
2110299,其他环境监测与监察支出,39,大连市环境保护局,0,50330.01,50330.01
2110301,大气,39,大连市环境保护局,0,84617000,148310000
2110307,排污费安排的支出,39,大连市环境保护局,0,486485.05,3292474.05
2111001,能源节约利用,21,大连市城乡建设委员会,0,0,171397800
2111101,环境监测与信息,39,大连市环境保护局,0,1390749.85,3497729.65
2111102,环境执法监察,39,大连市环境保护局,0,68234,75184
2120101,行政运行,21,大连市城乡建设委员会,0,1293875.51,2221099.68
2120101,行政运行,23,大连市城市建设管理局,0,423642.65,708929.35
2120101,行政运行,88,大连市轨道交通建设管理办公室,0,76550.38,118861.72
2120101,行政运行,113,大连钻石海湾规划建设领导小组办公室,0,30786.87,149543.78
2120101,行政运行,213,大连市城市管理行政执法局,0,724631.09,1207779.88
2120102,一般行政管理事务,23,大连市城市建设管理局,0,13500,13500
2120106,工程建设管理,21,大连市城乡建设委员会,0,106600.38,106600.38
2120199,其他城乡社区管理事务支出,21,大连市城乡建设委员会,0,323360.28,552345.07
2120199,其他城乡社区管理事务支出,22,大连市规划局,0,160008.12,317630.99
2120199,其他城乡社区管理事务支出,89,大连新机场沿岸商务区开发建设管理办公室,0,73432.41,160629.1
2120199,其他城乡社区管理事务支出,97,大连市星海湾开发建设管理中心,0,1796628.63,2836476.69
2120201,城乡社区规划与管理,21,大连市城乡建设委员会,0,388000,388000
2120201,城乡社区规划与管理,22,大连市规划局,0,480310.24,777265.45
2120399,其他城乡社区公共设施支出,23,大连市城市建设管理局,0,5898491,42219361
2120399,其他城乡社区公共设施支出,39,大连市环境保护局,0,33538,2177722
2120501,城乡社区环境卫生,23,大连市城市建设管理局,0,56254,10288388
2120801,前期土地开发支出,25,大连市交通局,0,0,51000000
2120801,前期土地开发支出,97,大连市星海湾开发建设管理中心,0,1176603,6176603
2120801,前期土地开发支出,109,大连市土地储备中心,0,20000000,20000000
2120802,土地出让业务费用,20,大连市国土资源和房屋局,0,28284600,28284600
2120803,城市建设支出,23,大连市城市建设管理局,0,271270,45695270
2120804,土地开发支出,25,大连市交通局,0,0,20000000
2120806,土地出让业务支出,20,大连市国土资源和房屋局,0,804036,804036
2121301,城市公共设施,23,大连市城市建设管理局,0,370398,31442124
2129999,其他城市基础设施配套费安排的支出,21,大连市城乡建设委员会,0,900126.28,1702425.11
2129999,其他城市基础设施配套费安排的支出,22,大连市规划局,0,326252,353718
2129999,其他城市基础设施配套费安排的支出,23,大连市城市建设管理局,0,35508356.91,181512255.9
2129999,其他城市基础设施配套费安排的支出,114,大连市公安局交通警察支队,0,260849.02,601489.12
2130101,行政运行,27,大连市农村经济委员会,0,1334931.97,2720070.92
2130102,一般行政管理事务,27,大连市农村经济委员会,0,16144,16144
2130104,事业运行,27,大连市农村经济委员会,0,1341616.79,3063033.22
2130106,科技转化与推广服务,10,大连市科学技术局,0,11160,11160
2130106,科技转化与推广服务,30,大连市海洋与渔业局,0,7764,11256
2130108,病虫害控制,27,大连市农村经济委员会,0,18928.08,18928.08
2130109,农产品质量安全,27,大连市农村经济委员会,0,69266.48,69266.48
2130110,执法监管,27,大连市农村经济委员会,0,15052.12,34392.12
2130125,农产品加工与促销,27,大连市农村经济委员会,0,6589,6589
2130199,其他农业支出,30,大连市海洋与渔业局,0,10341500,446571000
2130201,行政运行,29,大连市林业局,0,722864.99,1254620.95
2130202,一般行政管理事务,29,大连市林业局,0,66074,66074
2130204,林业事业机构,29,大连市林业局,0,149634.55,307517.52
2130205,森林培育,29,大连市林业局,0,8019.5,8019.5
2130213,林业执法与监督,29,大连市林业局,0,147188.2,147188.2
2130234,林业防灾减灾,23,大连市城市建设管理局,0,0,255540
2130234,林业防灾减灾,29,大连市林业局,0,0,1100000
2130301,行政运行,28,大连市水务局,0,1498671.76,2677896.57
2130302,一般行政管理事务,28,大连市水务局,0,11400,11400
2130304,水利行业业务管理,28,大连市水务局,0,77750,77894
2130306,水利工程运行与维护,28,大连市水务局,0,102402.91,167952.7
2130308,水利前期工作,28,大连市水务局,0,183853.7,338418.8
2130309,水利执法监督,28,大连市水务局,0,2000,8502.37
2130314,防汛,28,大连市水务局,0,1060352.48,1077148.48
2130316,农田水利,28,大连市水务局,0,2289.07,68533.28
2130317,水利技术推广和培训,28,大连市水务局,0,173372.73,273687.01
2130333,信息管理,28,大连市水务局,0,71574.66,127329.57
2130335,农村人畜饮水,28,大连市水务局,0,89000,89000
2139999,其他农林水事务支出,27,大连市农村经济委员会,0,5000,5000
2140101,行政运行,25,大连市交通局,0,3265362.51,6534810.28
2140101,行政运行,48,大连市港口与口岸局,0,1328900.44,2784865.43
2140102,一般行政管理事务,25,大连市交通局,0,183060,358255
2140102,一般行政管理事务,48,大连市港口与口岸局,0,196300,196300
2140104,公路新建,25,大连市交通局,0,0,115312089
2140112,公路运输管理,25,大连市交通局,0,51318.6,51318.6
2140122,港口设施,48,大连市港口与口岸局,0,5000000,5000000
2140199,其他公路水路运输支出,48,大连市港口与口岸局,0,4363100,4380916.72
2140599,其他邮政业支出,96,大连市邮政管理局,0,11690.47,22637.16
2140601,车辆购置税用于公路等基础设施建设支出,25,大连市交通局,0,0,111210000
2150201,行政运行,8,大连市经济和信息化委员会,0,2400347.53,3696827.03
2150202,一般行政管理事务,8,大连市经济和信息化委员会,0,0,8708
2150299,其他制造业支出,8,大连市经济和信息化委员会,0,87942.08,220466.19
2150501,行政运行,8,大连市经济和信息化委员会,0,163898.79,286175.72
2150507,专用通信,80,大连市专用通信局,0,235319.33,478082.75
2150599,其他工业和信息产业监管支出,8,大连市经济和信息化委员会,0,142968.36,294964.57
2150599,其他工业和信息产业监管支出,31,大连市对外贸易经济合作局,0,212780.48,332818.86
2150601,行政运行,43,大连市安全生产监督管理局,0,640563.64,1316850.06
2150605,安全监管监察专项,43,大连市安全生产监督管理局,0,12040,68040
2150606,应急救援支出,43,大连市安全生产监督管理局,0,83606.85,210513.08
2150699,其他安全生产监管支出,43,大连市安全生产监督管理局,0,3513745.81,4206857.04
2150701,行政运行,6,大连市人民政府国有资产监督管理委员会,0,577762.91,925606.53
2150801,行政运行,98,大连市创业促进委员会办公室,0,134032.68,283828.76
2150899,其他支持中小企业发展和管理支出,8,大连市经济和信息化委员会,0,301840.18,539449.14
2150899,其他支持中小企业发展和管理支出,98,大连市创业促进委员会办公室,0,73183.6,436119.3
2159999,其他资源勘探信息等支出,8,大连市经济和信息化委员会,0,267214.2,446783.03
2159999,其他资源勘探信息等支出,45,大连市金融发展局,0,6800,6800
2160201,行政运行,51,大连市供销合作社联合社,0,131138.14,413118.44
2160299,其他商业流通事务支出,32,大连市服务业委员会,0,398240,931117
2160299,其他商业流通事务支出,51,大连市供销合作社联合社,0,1200000,1200000
2160501,行政运行,50,大连市旅游局,0,222122.36,315060.77
2160504,旅游宣传,50,大连市旅游局,0,8067058,8067058
2160599,其他旅游业管理与服务支出,50,大连市旅游局,0,252601.93,438170.63
2160601,行政运行,31,大连市对外贸易经济合作局,0,614840.23,909546.06
2160601,行政运行,65,中国国际贸易促进委员会大连分会,0,132285.03,425785.89
2160602,一般行政管理事务,31,大连市对外贸易经济合作局,0,400,400
2160602,一般行政管理事务,65,中国国际贸易促进委员会大连分会,0,14000,14000
2160699,其他涉外发展服务支出,5,大连市人民政府办公厅,0,14023.5,14023.5
2160699,其他涉外发展服务支出,31,大连市对外贸易经济合作局,0,782823.86,74124757.53
2160699,其他涉外发展服务支出,65,中国国际贸易促进委员会大连分会,0,66626.35,145310.52
2169999,其他商业服务业等事务支出,65,中国国际贸易促进委员会大连分会,0,107381.2,147022.33
2170101,行政运行,45,大连市金融发展局,0,258437.47,399503.58
2170102,一般行政管理事务,45,大连市金融发展局,0,1936,1936
2179901,其他金融监管等事务支出,45,大连市金融发展局,0,12000,65257
2200101,行政运行,20,大连市国土资源和房屋局,0,4168553.86,7594667.22
2200101,行政运行,109,大连市土地储备中心,0,926035.73,1741904.44
2200102,一般行政管理事务,20,大连市国土资源和房屋局,0,127184.5,147449.5
2200104,国土资源规划及管理,20,大连市国土资源和房屋局,0,8198.78,8198.78
2200106,土地资源利用与保护,20,大连市国土资源和房屋局,0,0,35746
2200108,国土资源行业业务管理,20,大连市国土资源和房屋局,0,692,692
2200112,土地资源储备支出,109,大连市土地储备中心,0,39766.22,137088.39
2200114,地质矿产资源利用与保护,20,大连市国土资源和房屋局,0,814000,1997700
2200150,事业运行,20,大连市国土资源和房屋局,0,1766129.34,3312200.26
2200199,其他国土资源事务支出,20,大连市国土资源和房屋局,0,673392,3957481.25
2200201,行政运行,30,大连市海洋与渔业局,0,2097025.05,3815248.82
2200202,一般行政管理事务,30,大连市海洋与渔业局,0,102601,2387601
2200250,事业运行,30,大连市海洋与渔业局,0,1456327.05,3457406.98
2200299,其他海洋管理事务支出,30,大连市海洋与渔业局,0,455454.94,803454.94
2200401,行政运行,55,大连市地震局,0,126166.5,216529.5
2200402,一般行政管理事务,55,大连市地震局,0,12298.22,12298.22
2200450,地震事业机构,55,大连市地震局,0,111096.06,222263.02
2200504,气象事业机构,56,大连市气象局,0,50197.01,142295.93
2209901,其他国土海洋气象等支出,20,大连市国土资源和房屋局,0,139688.39,139688.39
2210106,公共租赁住房,20,大连市国土资源和房屋局,0,0,3465792.21
2210201,住房公积金,1,中共大连市委办公厅,0,42598.8,85197.6
2210201,住房公积金,2,大连市人民代表大会常务委员会办公厅,0,13427.5,13427.5
2210201,住房公积金,3,中国人民政治协商会议辽宁省大连市委员会办公厅,0,6404.24,22000
2210201,住房公积金,4,中国共产党大连市纪律检查委员会办公厅,0,3730.81,25420.38
2210201,住房公积金,5,大连市人民政府办公厅,0,31423.52,149792
2210201,住房公积金,7,大连市发展和改革委员会,0,32381.27,46327.84
2210201,住房公积金,8,大连市经济和信息化委员会,0,259403.72,623688.82
2210201,住房公积金,9,大连市教育局,0,4180678.13,8419509.83
2210201,住房公积金,10,大连市科学技术局,0,351959.28,703031.8
2210201,住房公积金,11,大连市公安局,0,4335476.07,7725322.87
2210201,住房公积金,13,辽宁省大连市人民检察院,0,30142.62,30142.62
2210201,住房公积金,14,大连市中级人民法院,0,85506.83,171013.66
2210201,住房公积金,15,大连市民政局,0,521115.58,1042256.66
2210201,住房公积金,16,大连市司法局,0,72946.75,146683.75
2210201,住房公积金,17,大连市财政局,0,94287.11,202607.64
2210201,住房公积金,18,大连市机关事业单位工资统发管理办公室,0,0,19588.32
2210201,住房公积金,19,大连市人力资源和社会保障局,0,1247493.97,2523475.99
2210201,住房公积金,20,大连市国土资源和房屋局,0,654021.69,1309523.74
2210201,住房公积金,21,大连市城乡建设委员会,0,383534.9,760080.71
2210201,住房公积金,22,大连市规划局,0,9338.02,18676.04
2210201,住房公积金,25,大连市交通局,0,409690.24,714990.24
2210201,住房公积金,27,大连市农村经济委员会,0,390370.61,755287.74
2210201,住房公积金,28,大连市水务局,0,145267.15,342001.98
2210201,住房公积金,29,大连市林业局,0,63265.45,126530.9
2210201,住房公积金,30,大连市海洋与渔业局,0,527782.35,1106037.42
2210201,住房公积金,31,大连市对外贸易经济合作局,0,71655.29,135374.96
2210201,住房公积金,32,大连市服务业委员会,0,567822.16,1138424.07
2210201,住房公积金,33,大连市文化广播影视局,0,791050.73,1505686.48
2210201,住房公积金,34,大连市卫生和计划生育委员会,0,690427.08,1326958.38
2210201,住房公积金,36,大连市审计局,0,18000,36000
2210201,住房公积金,37,大连市地方税务局,0,1024899.03,2077559.21
2210201,住房公积金,38,大连市质量技术监督局,0,624679.07,1208941.22
2210201,住房公积金,39,大连市环境保护局,0,711515.04,1361130.08
2210201,住房公积金,40,大连市体育局,0,316319.94,616132.86
2210201,住房公积金,42,大连市食品药品监督管理局,0,371254.83,529565.83
2210201,住房公积金,43,大连市安全生产监督管理局,0,46232.94,91136.94
2210201,住房公积金,44,大连市外事（侨务）办公室,0,22678.72,45357.44
2210201,住房公积金,48,大连市港口与口岸局,0,145447.95,290895.9
2210201,住房公积金,49,中国共产党大连市委员会老干部局,0,38468.42,89565.33
2210201,住房公积金,50,大连市旅游局,0,53000,53000
2210201,住房公积金,52,大连市工商行政管理局,0,67946.77,135893.54
2210201,住房公积金,55,大连市地震局,0,19720.88,39441.76
2210201,住房公积金,56,大连市气象局,0,10088,21660
2210201,住房公积金,58,大连市妇女联合会,0,68000,136000
2210201,住房公积金,59,中国共产主义青年团大连市委员会,0,132921.18,265842.36
2210201,住房公积金,61,大连市总工会,0,35000,70000
2210201,住房公积金,62,大连市残疾人联合会,0,128526.75,256953.14
2210201,住房公积金,63,大连市文学艺术界联合会,0,5372.53,10745.06
2210201,住房公积金,64,大连市科学技术协会,0,59810.68,120382.64
2210201,住房公积金,65,中国国际贸易促进委员会大连分会,0,20947.2,20947.2
2210201,住房公积金,67,中国共产党大连市委员会党校,0,193000,386000
2210201,住房公积金,68,大连大学,0,1948209.25,3902783.75
2210201,住房公积金,69,大连职业技术学院,0,853445.32,1708652.72
2210201,住房公积金,70,大连教育学院,0,0,756903.14
2210201,住房公积金,71,大连广播电视大学,0,178000,356000
2210201,住房公积金,74,大连市人民防空办公室,0,106574.81,211945.49
2210201,住房公积金,80,大连市专用通信局,0,35394.74,70789.48
2210201,住房公积金,84,大连仲裁委员会办公室,0,35514.27,71028.54
2210201,住房公积金,85,大连市人民政府发展研究中心,0,50000,100000
2210201,住房公积金,89,大连新机场沿岸商务区开发建设管理办公室,0,7668.74,16668.74
2210201,住房公积金,96,大连市邮政管理局,0,2777,5554
2210201,住房公积金,97,大连市星海湾开发建设管理中心,0,72651.6,136731.6
2210201,住房公积金,98,大连市创业促进委员会办公室,0,0,17563.84
2210201,住房公积金,109,大连市土地储备中心,0,80000,180000
2210201,住房公积金,110,大连市物价局,0,37460.7,37460.7
2210201,住房公积金,111,大连市广播电视台,0,188548.79,379047.34
2210201,住房公积金,114,大连市公安局交通警察支队,0,91850.99,148232.27
2210201,住房公积金,213,大连市城市管理行政执法局,0,16023.09,32046.18
2210399,其他城乡社区住宅支出,20,大连市国土资源和房屋局,0,0,446813.9
2220106,粮食专项业务活动,32,大连市服务业委员会,0,106164,106164
2220150,事业运行,32,大连市服务业委员会,0,81947.05,196766.96
2220199,其他粮油事务支出,32,大连市服务业委员会,0,25000,25000
2220403,储备粮（油）库建设,32,大连市服务业委员会,0,0,5800000
2290804,福利彩票销售机构的业务费支出,117,大连市福利彩票发行中心,0,419216.85,907756.11
2290805,体育彩票销售机构的业务费支出,116,大连市体育彩票管理中心,0,421946.72,897086.85
2296002,用于社会福利的彩票公益金支出,15,大连市民政局,0,792518.28,847106.94
2296002,用于社会福利的彩票公益金支出,61,大连市总工会,0,80257.42,80257.42
2296003,用于体育事业的彩票公益金支出,40,大连市体育局,0,1603260.85,5224986.14
2296005,用于红十字事业的彩票公益金支出,72,大连市红十字会,0,843,3849
2296006,用于残疾人事业的彩票公益金支出,62,大连市残疾人联合会,0,32000,32000
2296011,用于扶贫的彩票公益金支出,61,大连市总工会,0,0,7498000
2296099,用于其他社会公益事业的彩票公益金支出,15,大连市民政局,0,127599,127599